Workbook

Sheet Planilha1
A1: Material | B1: Descrição | C1: Linha TF | D1: MRP | E1: Coluna1
A2: 14396993 | B2: =VLOOKUP(A2,Planilha2!B:C,2,0) -> INVERSOR NACFW110070T4OFAYWZ | C2: F13 | D2: =VLOOKUP(A2,Planilha2!B:H,7,0) -> LINHA M3 | E2: 29500 | F2: =IFERROR( IF(ISNUMBER(FIND("CFW110",B2)), VALUE(MID(B2,FIND("CFW110",B2)+6,FIND("T",B2,FIND("CFW110",B2))-(FIND("CFW110",B2)+6))), IF(ISNUMBER(FIND("D",B2)), VALUE(SUBSTITUTE(MID(B2,FIND("D",B2)+1,FIND("T",B2,FIND("D",B2))-(FIND("D",B2)+1)),"P",",")), IF(ISNUMBER(FIND("CFW5",B2)), VALUE(MID(B2, IF(ISNUMBER(FIND("F",B2)),FIND("F",B2)+1,FIND("G",B2)+1), FIND("T",B2)-(IF(ISNUMBER(FIND("F",B2)),FIND("F",B2)+1,FIND("G",B2)+1)) )), VALUE(MID(B2,FIND("E0",B2)+2,FIND("T",B2,FIND("E0",B2))-(FIND("E0",B2)+2))) ))),"") -> 70 | G2: =IFERROR( IF(ISNUMBER(FIND("T2",B2)),220, IF(ISNUMBER(FIND("T4",B2)),440, IF(ISNUMBER(FIND("T5",B2)),575, IF(ISNUMBER(FIND("T6",B2)),690,"")))), "") -> 440
A3: 17224347 | B3: =VLOOKUP(A3,Planilha2!B:C,2,0) -> INVERSOR BRCFW110045T2O55FAYECZ | C3: F13 | D3: =VLOOKUP(A3,Planilha2!B:H,7,0) -> LINHA M3 | E3: 15600 | F3: =IFERROR( IF(ISNUMBER(FIND("CFW110",B3)), VALUE(MID(B3,FIND("CFW110",B3)+6,FIND("T",B3,FIND("CFW110",B3))-(FIND("CFW110",B3)+6))), IF(ISNUMBER(FIND("D",B3)), VALUE(SUBSTITUTE(MID(B3,FIND("D",B3)+1,FIND("T",B3,FIND("D",B3))-(FIND("D",B3)+1)),"P",",")), IF(ISNUMBER(FIND("CFW5",B3)), VALUE(MID(B3, IF(ISNUMBER(FIND("F",B3)),FIND("F",B3)+1,FIND("G",B3)+1), FIND("T",B3)-(IF(ISNUMBER(FIND("F",B3)),FIND("F",B3)+1,FIND("G",B3)+1)) )), VALUE(MID(B3,FIND("E0",B3)+2,FIND("T",B3,FIND("E0",B3))-(FIND("E0",B3)+2))) ))),"") -> 45 | G3: =IFERROR( IF(ISNUMBER(FIND("T2",B3)),220, IF(ISNUMBER(FIND("T4",B3)),440, IF(ISNUMBER(FIND("T5",B3)),575, IF(ISNUMBER(FIND("T6",B3)),690,"")))), "") -> 220
A4: 14676621 | B4: =VLOOKUP(A4,Planilha2!B:C,2,0) -> INVERSOR BRCFW110070T2O55FASSZ | C4: F13 | D4: =VLOOKUP(A4,Planilha2!B:H,7,0) -> LINHA M3 | E4: 0,000 | F4: =IFERROR( IF(ISNUMBER(FIND("CFW110",B4)), VALUE(MID(B4,FIND("CFW110",B4)+6,FIND("T",B4,FIND("CFW110",B4))-(FIND("CFW110",B4)+6))), IF(ISNUMBER(FIND("D",B4)), VALUE(SUBSTITUTE(MID(B4,FIND("D",B4)+1,FIND("T",B4,FIND("D",B4))-(FIND("D",B4)+1)),"P",",")), IF(ISNUMBER(FIND("CFW5",B4)), VALUE(MID(B4, IF(ISNUMBER(FIND("F",B4)),FIND("F",B4)+1,FIND("G",B4)+1), FIND("T",B4)-(IF(ISNUMBER(FIND("F",B4)),FIND("F",B4)+1,FIND("G",B4)+1)) )), VALUE(MID(B4,FIND("E0",B4)+2,FIND("T",B4,FIND("E0",B4))-(FIND("E0",B4)+2))) ))),"") -> 70 | G4: =IFERROR( IF(ISNUMBER(FIND("T2",B4)),220, IF(ISNUMBER(FIND("T4",B4)),440, IF(ISNUMBER(FIND("T5",B4)),575, IF(ISNUMBER(FIND("T6",B4)),690,"")))), "") -> 220
A5: 14677580 | B5: =VLOOKUP(A5,Planilha2!B:C,2,0) -> INVERSOR BRCFW110142T2O55SSZ | C5: F13 | D5: =VLOOKUP(A5,Planilha2!B:H,7,0) -> LINHA E1 | E5: 0,000 | F5: =IFERROR( IF(ISNUMBER(FIND("CFW110",B5)), VALUE(MID(B5,FIND("CFW110",B5)+6,FIND("T",B5,FIND("CFW110",B5))-(FIND("CFW110",B5)+6))), IF(ISNUMBER(FIND("D",B5)), VALUE(SUBSTITUTE(MID(B5,FIND("D",B5)+1,FIND("T",B5,FIND("D",B5))-(FIND("D",B5)+1)),"P",",")), IF(ISNUMBER(FIND("CFW5",B5)), VALUE(MID(B5, IF(ISNUMBER(FIND("F",B5)),FIND("F",B5)+1,FIND("G",B5)+1), FIND("T",B5)-(IF(ISNUMBER(FIND("F",B5)),FIND("F",B5)+1,FIND("G",B5)+1)) )), VALUE(MID(B5,FIND("E0",B5)+2,FIND("T",B5,FIND("E0",B5))-(FIND("E0",B5)+2))) ))),"") -> 142 | G5: =IFERROR( IF(ISNUMBER(FIND("T2",B5)),220, IF(ISNUMBER(FIND("T4",B5)),440, IF(ISNUMBER(FIND("T5",B5)),575, IF(ISNUMBER(FIND("T6",B5)),690,"")))), "") -> 220
A6: 14764545 | B6: =VLOOKUP(A6,Planilha2!B:C,2,0) -> INVERSOR BRCFW110088T4OHALS9Z-UI | C6: F13 | D6: =VLOOKUP(A6,Planilha2!B:H,7,0) -> LINHA M3 | E6: 26175 | F6: =IFERROR( IF(ISNUMBER(FIND("CFW110",B6)), VALUE(MID(B6,FIND("CFW110",B6)+6,FIND("T",B6,FIND("CFW110",B6))-(FIND("CFW110",B6)+6))), IF(ISNUMBER(FIND("D",B6)), VALUE(SUBSTITUTE(MID(B6,FIND("D",B6)+1,FIND("T",B6,FIND("D",B6))-(FIND("D",B6)+1)),"P",",")), IF(ISNUMBER(FIND("CFW5",B6)), VALUE(MID(B6, IF(ISNUMBER(FIND("F",B6)),FIND("F",B6)+1,FIND("G",B6)+1), FIND("T",B6)-(IF(ISNUMBER(FIND("F",B6)),FIND("F",B6)+1,FIND("G",B6)+1)) )), VALUE(MID(B6,FIND("E0",B6)+2,FIND("T",B6,FIND("E0",B6))-(FIND("E0",B6)+2))) ))),"") -> 88 | G6: =IFERROR( IF(ISNUMBER(FIND("T2",B6)),220, IF(ISNUMBER(FIND("T4",B6)),440, IF(ISNUMBER(FIND("T5",B6)),575, IF(ISNUMBER(FIND("T6",B6)),690,"")))), "") -> 440
A7: 14821623 | B7: =VLOOKUP(A7,Planilha2!B:C,2,0) -> INVERSOR BRCFW110088T4OSSZ | C7: F13 | D7: =VLOOKUP(A7,Planilha2!B:H,7,0) -> LINHA M3 | E7: 26000 | F7: =IFERROR( IF(ISNUMBER(FIND("CFW110",B7)), VALUE(MID(B7,FIND("CFW110",B7)+6,FIND("T",B7,FIND("CFW110",B7))-(FIND("CFW110",B7)+6))), IF(ISNUMBER(FIND("D",B7)), VALUE(SUBSTITUTE(MID(B7,FIND("D",B7)+1,FIND("T",B7,FIND("D",B7))-(FIND("D",B7)+1)),"P",",")), IF(ISNUMBER(FIND("CFW5",B7)), VALUE(MID(B7, IF(ISNUMBER(FIND("F",B7)),FIND("F",B7)+1,FIND("G",B7)+1), FIND("T",B7)-(IF(ISNUMBER(FIND("F",B7)),FIND("F",B7)+1,FIND("G",B7)+1)) )), VALUE(MID(B7,FIND("E0",B7)+2,FIND("T",B7,FIND("E0",B7))-(FIND("E0",B7)+2))) ))),"") -> 88 | G7: =IFERROR( IF(ISNUMBER(FIND("T2",B7)),220, IF(ISNUMBER(FIND("T4",B7)),440, IF(ISNUMBER(FIND("T5",B7)),575, IF(ISNUMBER(FIND("T6",B7)),690,"")))), "") -> 440
A8: 11996061 | B8: =VLOOKUP(A8,Planilha2!B:C,2,0) -> INVERSOR NACFW110004T5ON1NFYZ | C8: F13 | D8: =VLOOKUP(A8,Planilha2!B:H,7,0) -> LINHA P7 | E8: 9440 | F8: =IFERROR( IF(ISNUMBER(FIND("CFW110",B8)), VALUE(MID(B8,FIND("CFW110",B8)+6,FIND("T",B8,FIND("CFW110",B8))-(FIND("CFW110",B8)+6))), IF(ISNUMBER(FIND("D",B8)), VALUE(SUBSTITUTE(MID(B8,FIND("D",B8)+1,FIND("T",B8,FIND("D",B8))-(FIND("D",B8)+1)),"P",",")), IF(ISNUMBER(FIND("CFW5",B8)), VALUE(MID(B8, IF(ISNUMBER(FIND("F",B8)),FIND("F",B8)+1,FIND("G",B8)+1), FIND("T",B8)-(IF(ISNUMBER(FIND("F",B8)),FIND("F",B8)+1,FIND("G",B8)+1)) )), VALUE(MID(B8,FIND("E0",B8)+2,FIND("T",B8,FIND("E0",B8))-(FIND("E0",B8)+2))) ))),"") -> 4 | G8: =IFERROR( IF(ISNUMBER(FIND("T2",B8)),220, IF(ISNUMBER(FIND("T4",B8)),440, IF(ISNUMBER(FIND("T5",B8)),575, IF(ISNUMBER(FIND("T6",B8)),690,"")))), "") -> 575
A9: 13226625 | B9: =VLOOKUP(A9,Planilha2!B:C,2,0) -> INVERSOR CFW700C38P0T4DB20C3EC | C9: F13 | D9: =VLOOKUP(A9,Planilha2!B:H,7,0) -> OBSOLETOS DRIVES | E9: 16000 | F9: =IFERROR( IF(ISNUMBER(FIND("CFW110",B9)), VALUE(MID(B9,FIND("CFW110",B9)+6,FIND("T",B9,FIND("CFW110",B9))-(FIND("CFW110",B9)+6))), IF(ISNUMBER(FIND("D",B9)), VALUE(SUBSTITUTE(MID(B9,FIND("D",B9)+1,FIND("T",B9,FIND("D",B9))-(FIND("D",B9)+1)),"P",",")), IF(ISNUMBER(FIND("CFW5",B9)), VALUE(MID(B9, IF(ISNUMBER(FIND("F",B9)),FIND("F",B9)+1,FIND("G",B9)+1), FIND("T",B9)-(IF(ISNUMBER(FIND("F",B9)),FIND("F",B9)+1,FIND("G",B9)+1)) )), VALUE(MID(B9,FIND("E0",B9)+2,FIND("T",B9,FIND("E0",B9))-(FIND("E0",B9)+2))) ))),"") | G9: =IFERROR( IF(ISNUMBER(FIND("T2",B9)),220, IF(ISNUMBER(FIND("T4",B9)),440, IF(ISNUMBER(FIND("T5",B9)),575, IF(ISNUMBER(FIND("T6",B9)),690,"")))), "") -> 440
A10: 13226688 | B10: =VLOOKUP(A10,Planilha2!B:C,2,0) -> INVERSOR CFW700C45P0T4DB20C3Y1EC | C10: F13 | D10: =VLOOKUP(A10,Planilha2!B:H,7,0) -> OBSOLETOS DRIVES | E10: 16000 | F10: =IFERROR( IF(ISNUMBER(FIND("CFW110",B10)), VALUE(MID(B10,FIND("CFW110",B10)+6,FIND("T",B10,FIND("CFW110",B10))-(FIND("CFW110",B10)+6))), IF(ISNUMBER(FIND("D",B10)), VALUE(SUBSTITUTE(MID(B10,FIND("D",B10)+1,FIND("T",B10,FIND("D",B10))-(FIND("D",B10)+1)),"P",",")), IF(ISNUMBER(FIND("CFW5",B10)), VALUE(MID(B10, IF(ISNUMBER(FIND("F",B10)),FIND("F",B10)+1,FIND("G",B10)+1), FIND("T",B10)-(IF(ISNUMBER(FIND("F",B10)),FIND("F",B10)+1,FIND("G",B10)+1)) )), VALUE(MID(B10,FIND("E0",B10)+2,FIND("T",B10,FIND("E0",B10))-(FIND("E0",B10)+2))) ))),"") | G10: =IFERROR( IF(ISNUMBER(FIND("T2",B10)),220, IF(ISNUMBER(FIND("T4",B10)),440, IF(ISNUMBER(FIND("T5",B10)),575, IF(ISNUMBER(FIND("T6",B10)),690,"")))), "") -> 440
A11: 12789099 | B11: =VLOOKUP(A11,Planilha2!B:C,2,0) -> INVERSOR BRCFW110054T2OWZ | C11: F13 | D11: =VLOOKUP(A11,Planilha2!B:H,7,0) -> LINHA M1 | E11: 16000 | F11: =IFERROR( IF(ISNUMBER(FIND("CFW110",B11)), VALUE(MID(B11,FIND("CFW110",B11)+6,FIND("T",B11,FIND("CFW110",B11))-(FIND("CFW110",B11)+6))), IF(ISNUMBER(FIND("D",B11)), VALUE(SUBSTITUTE(MID(B11,FIND("D",B11)+1,FIND("T",B11,FIND("D",B11))-(FIND("D",B11)+1)),"P",",")), IF(ISNUMBER(FIND("CFW5",B11)), VALUE(MID(B11, IF(ISNUMBER(FIND("F",B11)),FIND("F",B11)+1,FIND("G",B11)+1), FIND("T",B11)-(IF(ISNUMBER(FIND("F",B11)),FIND("F",B11)+1,FIND("G",B11)+1)) )), VALUE(MID(B11,FIND("E0",B11)+2,FIND("T",B11,FIND("E0",B11))-(FIND("E0",B11)+2))) ))),"") -> 54 | G11: =IFERROR( IF(ISNUMBER(FIND("T2",B11)),220, IF(ISNUMBER(FIND("T4",B11)),440, IF(ISNUMBER(FIND("T5",B11)),575, IF(ISNUMBER(FIND("T6",B11)),690,"")))), "") -> 220
A12: 12805752 | B12: =VLOOKUP(A12,Planilha2!B:C,2,0) -> INVERSOR CFW701C45P0T2DB20C3H00 | C12: F13 | D12: =VLOOKUP(A12,Planilha2!B:H,7,0) -> OBSOLETOS DRIVES | E12: 16000 | F12: =IFERROR( IF(ISNUMBER(FIND("CFW110",B12)), VALUE(MID(B12,FIND("CFW110",B12)+6,FIND("T",B12,FIND("CFW110",B12))-(FIND("CFW110",B12)+6))), IF(ISNUMBER(FIND("D",B12)), VALUE(SUBSTITUTE(MID(B12,FIND("D",B12)+1,FIND("T",B12,FIND("D",B12))-(FIND("D",B12)+1)),"P",",")), IF(ISNUMBER(FIND("CFW5",B12)), VALUE(MID(B12, IF(ISNUMBER(FIND("F",B12)),FIND("F",B12)+1,FIND("G",B12)+1), FIND("T",B12)-(IF(ISNUMBER(FIND("F",B12)),FIND("F",B12)+1,FIND("G",B12)+1)) )), VALUE(MID(B12,FIND("E0",B12)+2,FIND("T",B12,FIND("E0",B12))-(FIND("E0",B12)+2))) ))),"") | G12: =IFERROR( IF(ISNUMBER(FIND("T2",B12)),220, IF(ISNUMBER(FIND("T4",B12)),440, IF(ISNUMBER(FIND("T5",B12)),575, IF(ISNUMBER(FIND("T6",B12)),690,"")))), "") -> 220
A13: 13253868 | B13: =VLOOKUP(A13,Planilha2!B:C,2,0) -> INVERSOR BRCFW110070T4OFASHZ | C13: F13 | D13: =VLOOKUP(A13,Planilha2!B:H,7,0) -> LINHA M3 | E13: 26260 | F13: =IFERROR( IF(ISNUMBER(FIND("CFW110",B13)), VALUE(MID(B13,FIND("CFW110",B13)+6,FIND("T",B13,FIND("CFW110",B13))-(FIND("CFW110",B13)+6))), IF(ISNUMBER(FIND("D",B13)), VALUE(SUBSTITUTE(MID(B13,FIND("D",B13)+1,FIND("T",B13,FIND("D",B13))-(FIND("D",B13)+1)),"P",",")), IF(ISNUMBER(FIND("CFW5",B13)), VALUE(MID(B13, IF(ISNUMBER(FIND("F",B13)),FIND("F",B13)+1,FIND("G",B13)+1), FIND("T",B13)-(IF(ISNUMBER(FIND("F",B13)),FIND("F",B13)+1,FIND("G",B13)+1)) )), VALUE(MID(B13,FIND("E0",B13)+2,FIND("T",B13,FIND("E0",B13))-(FIND("E0",B13)+2))) ))),"") -> 70 | G13: =IFERROR( IF(ISNUMBER(FIND("T2",B13)),220, IF(ISNUMBER(FIND("T4",B13)),440, IF(ISNUMBER(FIND("T5",B13)),575, IF(ISNUMBER(FIND("T6",B13)),690,"")))), "") -> 440
A14: 13253869 | B14: =VLOOKUP(A14,Planilha2!B:C,2,0) -> INVERSOR BRCFW110088T4OFASHZ | C14: F13 | D14: =VLOOKUP(A14,Planilha2!B:H,7,0) -> LINHA M3 | E14: 26260 | F14: =IFERROR( IF(ISNUMBER(FIND("CFW110",B14)), VALUE(MID(B14,FIND("CFW110",B14)+6,FIND("T",B14,FIND("CFW110",B14))-(FIND("CFW110",B14)+6))), IF(ISNUMBER(FIND("D",B14)), VALUE(SUBSTITUTE(MID(B14,FIND("D",B14)+1,FIND("T",B14,FIND("D",B14))-(FIND("D",B14)+1)),"P",",")), IF(ISNUMBER(FIND("CFW5",B14)), VALUE(MID(B14, IF(ISNUMBER(FIND("F",B14)),FIND("F",B14)+1,FIND("G",B14)+1), FIND("T",B14)-(IF(ISNUMBER(FIND("F",B14)),FIND("F",B14)+1,FIND("G",B14)+1)) )), VALUE(MID(B14,FIND("E0",B14)+2,FIND("T",B14,FIND("E0",B14))-(FIND("E0",B14)+2))) ))),"") -> 88 | G14: =IFERROR( IF(ISNUMBER(FIND("T2",B14)),220, IF(ISNUMBER(FIND("T4",B14)),440, IF(ISNUMBER(FIND("T5",B14)),575, IF(ISNUMBER(FIND("T6",B14)),690,"")))), "") -> 440
A15: 13253827 | B15: =VLOOKUP(A15,Planilha2!B:C,2,0) -> INVERSOR BRCFW110058T4OFASHZ | C15: F13 | D15: =VLOOKUP(A15,Planilha2!B:H,7,0) -> LINHA M1 | E15: 4760 | F15: =IFERROR( IF(ISNUMBER(FIND("CFW110",B15)), VALUE(MID(B15,FIND("CFW110",B15)+6,FIND("T",B15,FIND("CFW110",B15))-(FIND("CFW110",B15)+6))), IF(ISNUMBER(FIND("D",B15)), VALUE(SUBSTITUTE(MID(B15,FIND("D",B15)+1,FIND("T",B15,FIND("D",B15))-(FIND("D",B15)+1)),"P",",")), IF(ISNUMBER(FIND("CFW5",B15)), VALUE(MID(B15, IF(ISNUMBER(FIND("F",B15)),FIND("F",B15)+1,FIND("G",B15)+1), FIND("T",B15)-(IF(ISNUMBER(FIND("F",B15)),FIND("F",B15)+1,FIND("G",B15)+1)) )), VALUE(MID(B15,FIND("E0",B15)+2,FIND("T",B15,FIND("E0",B15))-(FIND("E0",B15)+2))) ))),"") -> 58 | G15: =IFERROR( IF(ISNUMBER(FIND("T2",B15)),220, IF(ISNUMBER(FIND("T4",B15)),440, IF(ISNUMBER(FIND("T5",B15)),575, IF(ISNUMBER(FIND("T6",B15)),690,"")))), "") -> 440
A16: 13253826 | B16: =VLOOKUP(A16,Planilha2!B:C,2,0) -> INVERSOR BRCFW110045T4OFASHZ | C16: F13 | D16: =VLOOKUP(A16,Planilha2!B:H,7,0) -> LINHA M1 | E16: 4760 | F16: =IFERROR( IF(ISNUMBER(FIND("CFW110",B16)), VALUE(MID(B16,FIND("CFW110",B16)+6,FIND("T",B16,FIND("CFW110",B16))-(FIND("CFW110",B16)+6))), IF(ISNUMBER(FIND("D",B16)), VALUE(SUBSTITUTE(MID(B16,FIND("D",B16)+1,FIND("T",B16,FIND("D",B16))-(FIND("D",B16)+1)),"P",",")), IF(ISNUMBER(FIND("CFW5",B16)), VALUE(MID(B16, IF(ISNUMBER(FIND("F",B16)),FIND("F",B16)+1,FIND("G",B16)+1), FIND("T",B16)-(IF(ISNUMBER(FIND("F",B16)),FIND("F",B16)+1,FIND("G",B16)+1)) )), VALUE(MID(B16,FIND("E0",B16)+2,FIND("T",B16,FIND("E0",B16))-(FIND("E0",B16)+2))) ))),"") -> 45 | G16: =IFERROR( IF(ISNUMBER(FIND("T2",B16)),220, IF(ISNUMBER(FIND("T4",B16)),440, IF(ISNUMBER(FIND("T5",B16)),575, IF(ISNUMBER(FIND("T6",B16)),690,"")))), "") -> 440
A17: 13290135 | B17: =VLOOKUP(A17,Planilha2!B:C,2,0) -> INVERSOR CFW700C44P0T5DB20 | C17: F13 | D17: =VLOOKUP(A17,Planilha2!B:H,7,0) -> OBSOLETOS DRIVES | E17: 26000 | F17: =IFERROR( IF(ISNUMBER(FIND("CFW110",B17)), VALUE(MID(B17,FIND("CFW110",B17)+6,FIND("T",B17,FIND("CFW110",B17))-(FIND("CFW110",B17)+6))), IF(ISNUMBER(FIND("D",B17)), VALUE(SUBSTITUTE(MID(B17,FIND("D",B17)+1,FIND("T",B17,FIND("D",B17))-(FIND("D",B17)+1)),"P",",")), IF(ISNUMBER(FIND("CFW5",B17)), VALUE(MID(B17, IF(ISNUMBER(FIND("F",B17)),FIND("F",B17)+1,FIND("G",B17)+1), FIND("T",B17)-(IF(ISNUMBER(FIND("F",B17)),FIND("F",B17)+1,FIND("G",B17)+1)) )), VALUE(MID(B17,FIND("E0",B17)+2,FIND("T",B17,FIND("E0",B17))-(FIND("E0",B17)+2))) ))),"") | G17: =IFERROR( IF(ISNUMBER(FIND("T2",B17)),220, IF(ISNUMBER(FIND("T4",B17)),440, IF(ISNUMBER(FIND("T5",B17)),575, IF(ISNUMBER(FIND("T6",B17)),690,"")))), "") -> 575
... A37: 13392766 | B37: =VLOOKUP(A37,Planilha2!B:C,2,0) -> INVERSOR MSCFW110088T4OFAYWZ-UI | C37: F13 | D37: =VLOOKUP(A37,Planilha2!B:H,7,0) -> LINHA M3 | E37: 32600 | F37: =IFERROR( IF(ISNUMBER(FIND("CFW110",B37)), VALUE(MID(B37,FIND("CFW110",B37)+6,FIND("T",B37,FIND("CFW110",B37))-(FIND("CFW110",B37)+6))), IF(ISNUMBER(FIND("D",B37)), VALUE(SUBSTITUTE(MID(B37,FIND("D",B37)+1,FIND("T",B37,FIND("D",B37))-(FIND("D",B37)+1)),"P",",")), IF(ISNUMBER(FIND("CFW5",B37)), VALUE(MID(B37, IF(ISNUMBER(FIND("F",B37)),FIND("F",B37)+1,FIND("G",B37)+1), FIND("T",B37)-(IF(ISNUMBER(FIND("F",B37)),FIND("F",B37)+1,FIND("G",B37)+1)) )), VALUE(MID(B37,FIND("E0",B37)+2,FIND("T",B37,FIND("E0",B37))-(FIND("E0",B37)+2))) ))),"") -> 88 | G37: =IFERROR( IF(ISNUMBER(FIND("T2",B37)),220, IF(ISNUMBER(FIND("T4",B37)),440, IF(ISNUMBER(FIND("T5",B37)),575, IF(ISNUMBER(FIND("T6",B37)),690,"")))), "") -> 440
A38: 13418344 | B38: =VLOOKUP(A38,Planilha2!B:C,2,0) -> INVERSOR BRCFW110088T4OFAS7Z | C38: F13 | D38: =VLOOKUP(A38,Planilha2!B:H,7,0) -> LINHA M3 | E38: 0,000 | F38: =IFERROR( IF(ISNUMBER(FIND("CFW110",B38)), VALUE(MID(B38,FIND("CFW110",B38)+6,FIND("T",B38,FIND("CFW110",B38))-(FIND("CFW110",B38)+6))), IF(ISNUMBER(FIND("D",B38)), VALUE(SUBSTITUTE(MID(B38,FIND("D",B38)+1,FIND("T",B38,FIND("D",B38))-(FIND("D",B38)+1)),"P",",")), IF(ISNUMBER(FIND("CFW5",B38)), VALUE(MID(B38, IF(ISNUMBER(FIND("F",B38)),FIND("F",B38)+1,FIND("G",B38)+1), FIND("T",B38)-(IF(ISNUMBER(FIND("F",B38)),FIND("F",B38)+1,FIND("G",B38)+1)) )), VALUE(MID(B38,FIND("E0",B38)+2,FIND("T",B38,FIND("E0",B38))-(FIND("E0",B38)+2))) ))),"") -> 88 | G38: =IFERROR( IF(ISNUMBER(FIND("T2",B38)),220, IF(ISNUMBER(FIND("T4",B38)),440, IF(ISNUMBER(FIND("T5",B38)),575, IF(ISNUMBER(FIND("T6",B38)),690,"")))), "") -> 440
A39: 13446552 | B39: =VLOOKUP(A39,Planilha2!B:C,2,0) -> INVERSOR SACFW110027T5ONFYZ | C39: F13 | D39: =VLOOKUP(A39,Planilha2!B:H,7,0) -> LINHA M1 | E39: 26260 | F39: =IFERROR( IF(ISNUMBER(FIND("CFW110",B39)), VALUE(MID(B39,FIND("CFW110",B39)+6,FIND("T",B39,FIND("CFW110",B39))-(FIND("CFW110",B39)+6))), IF(ISNUMBER(FIND("D",B39)), VALUE(SUBSTITUTE(MID(B39,FIND("D",B39)+1,FIND("T",B39,FIND("D",B39))-(FIND("D",B39)+1)),"P",",")), IF(ISNUMBER(FIND("CFW5",B39)), VALUE(MID(B39, IF(ISNUMBER(FIND("F",B39)),FIND("F",B39)+1,FIND("G",B39)+1), FIND("T",B39)-(IF(ISNUMBER(FIND("F",B39)),FIND("F",B39)+1,FIND("G",B39)+1)) )), VALUE(MID(B39,FIND("E0",B39)+2,FIND("T",B39,FIND("E0",B39))-(FIND("E0",B39)+2))) ))),"") -> 27 | G39: =IFERROR( IF(ISNUMBER(FIND("T2",B39)),220, IF(ISNUMBER(FIND("T4",B39)),440, IF(ISNUMBER(FIND("T5",B39)),575, IF(ISNUMBER(FIND("T6",B39)),690,"")))), "") -> 575
A40: 13447956 | B40: =VLOOKUP(A40,Planilha2!B:C,2,0) -> INVERSOR SACFW110022T5ONFYZ | C40: F13 | D40: =VLOOKUP(A40,Planilha2!B:H,7,0) -> LINHA M1 | E40: 26260 | F40: =IFERROR( IF(ISNUMBER(FIND("CFW110",B40)), VALUE(MID(B40,FIND("CFW110",B40)+6,FIND("T",B40,FIND("CFW110",B40))-(FIND("CFW110",B40)+6))), IF(ISNUMBER(FIND("D",B40)), VALUE(SUBSTITUTE(MID(B40,FIND("D",B40)+1,FIND("T",B40,FIND("D",B40))-(FIND("D",B40)+1)),"P",",")), IF(ISNUMBER(FIND("CFW5",B40)), VALUE(MID(B40, IF(ISNUMBER(FIND("F",B40)),FIND("F",B40)+1,FIND("G",B40)+1), FIND("T",B40)-(IF(ISNUMBER(FIND("F",B40)),FIND("F",B40)+1,FIND("G",B40)+1)) )), VALUE(MID(B40,FIND("E0",B40)+2,FIND("T",B40,FIND("E0",B40))-(FIND("E0",B40)+2))) ))),"") -> 22 | G40: =IFERROR( IF(ISNUMBER(FIND("T2",B40)),220, IF(ISNUMBER(FIND("T4",B40)),440, IF(ISNUMBER(FIND("T5",B40)),575, IF(ISNUMBER(FIND("T6",B40)),690,"")))), "") -> 575
A41: 13448072 | B41: =VLOOKUP(A41,Planilha2!B:C,2,0) -> INVERSOR SACFW110044T5ONFYZ | C41: F13 | D41: =VLOOKUP(A41,Planilha2!B:H,7,0) -> LINHA M1 | E41: 26260 | F41: =IFERROR( IF(ISNUMBER(FIND("CFW110",B41)), VALUE(MID(B41,FIND("CFW110",B41)+6,FIND("T",B41,FIND("CFW110",B41))-(FIND("CFW110",B41)+6))), IF(ISNUMBER(FIND("D",B41)), VALUE(SUBSTITUTE(MID(B41,FIND("D",B41)+1,FIND("T",B41,FIND("D",B41))-(FIND("D",B41)+1)),"P",",")), IF(ISNUMBER(FIND("CFW5",B41)), VALUE(MID(B41, IF(ISNUMBER(FIND("F",B41)),FIND("F",B41)+1,FIND("G",B41)+1), FIND("T",B41)-(IF(ISNUMBER(FIND("F",B41)),FIND("F",B41)+1,FIND("G",B41)+1)) )), VALUE(MID(B41,FIND("E0",B41)+2,FIND("T",B41,FIND("E0",B41))-(FIND("E0",B41)+2))) ))),"") -> 44 | G41: =IFERROR( IF(ISNUMBER(FIND("T2",B41)),220, IF(ISNUMBER(FIND("T4",B41)),440, IF(ISNUMBER(FIND("T5",B41)),575, IF(ISNUMBER(FIND("T6",B41)),690,"")))), "") -> 575
A42: 13448069 | B42: =VLOOKUP(A42,Planilha2!B:C,2,0) -> INVERSOR SACFW110032T5ONFYZ | C42: F13 | D42: =VLOOKUP(A42,Planilha2!B:H,7,0) -> LINHA M1 | E42: 26260 | F42: =IFERROR( IF(ISNUMBER(FIND("CFW110",B42)), VALUE(MID(B42,FIND("CFW110",B42)+6,FIND("T",B42,FIND("CFW110",B42))-(FIND("CFW110",B42)+6))), IF(ISNUMBER(FIND("D",B42)), VALUE(SUBSTITUTE(MID(B42,FIND("D",B42)+1,FIND("T",B42,FIND("D",B42))-(FIND("D",B42)+1)),"P",",")), IF(ISNUMBER(FIND("CFW5",B42)), VALUE(MID(B42, IF(ISNUMBER(FIND("F",B42)),FIND("F",B42)+1,FIND("G",B42)+1), FIND("T",B42)-(IF(ISNUMBER(FIND("F",B42)),FIND("F",B42)+1,FIND("G",B42)+1)) )), VALUE(MID(B42,FIND("E0",B42)+2,FIND("T",B42,FIND("E0",B42))-(FIND("E0",B42)+2))) ))),"") -> 32 | G42: =IFERROR( IF(ISNUMBER(FIND("T2",B42)),220, IF(ISNUMBER(FIND("T4",B42)),440, IF(ISNUMBER(FIND("T5",B42)),575, IF(ISNUMBER(FIND("T6",B42)),690,"")))), "") -> 575
A43: 11988664 | B43: =VLOOKUP(A43,Planilha2!B:C,2,0) -> INVERSOR SACFW110044T6OYZ | C43: F13 | D43: =VLOOKUP(A43,Planilha2!B:H,7,0) -> LINHA M3 | E43: 31762 | F43: =IFERROR( IF(ISNUMBER(FIND("CFW110",B43)), VALUE(MID(B43,FIND("CFW110",B43)+6,FIND("T",B43,FIND("CFW110",B43))-(FIND("CFW110",B43)+6))), IF(ISNUMBER(FIND("D",B43)), VALUE(SUBSTITUTE(MID(B43,FIND("D",B43)+1,FIND("T",B43,FIND("D",B43))-(FIND("D",B43)+1)),"P",",")), IF(ISNUMBER(FIND("CFW5",B43)), VALUE(MID(B43, IF(ISNUMBER(FIND("F",B43)),FIND("F",B43)+1,FIND("G",B43)+1), FIND("T",B43)-(IF(ISNUMBER(FIND("F",B43)),FIND("F",B43)+1,FIND("G",B43)+1)) )), VALUE(MID(B43,FIND("E0",B43)+2,FIND("T",B43,FIND("E0",B43))-(FIND("E0",B43)+2))) ))),"") -> 44 | G43: =IFERROR( IF(ISNUMBER(FIND("T2",B43)),220, IF(ISNUMBER(FIND("T4",B43)),440, IF(ISNUMBER(FIND("T5",B43)),575, IF(ISNUMBER(FIND("T6",B43)),690,"")))), "") -> 690
A44: 13474402 | B44: =VLOOKUP(A44,Planilha2!B:C,2,0) -> INVERSOR BRCFW110045T2OSWZ | C44: F13 | D44: =VLOOKUP(A44,Planilha2!B:H,7,0) -> LINHA M1 | E44: 26360 | F44: =IFERROR( IF(ISNUMBER(FIND("CFW110",B44)), VALUE(MID(B44,FIND("CFW110",B44)+6,FIND("T",B44,FIND("CFW110",B44))-(FIND("CFW110",B44)+6))), IF(ISNUMBER(FIND("D",B44)), VALUE(SUBSTITUTE(MID(B44,FIND("D",B44)+1,FIND("T",B44,FIND("D",B44))-(FIND("D",B44)+1)),"P",",")), IF(ISNUMBER(FIND("CFW5",B44)), VALUE(MID(B44, IF(ISNUMBER(FIND("F",B44)),FIND("F",B44)+1,FIND("G",B44)+1), FIND("T",B44)-(IF(ISNUMBER(FIND("F",B44)),FIND("F",B44)+1,FIND("G",B44)+1)) )), VALUE(MID(B44,FIND("E0",B44)+2,FIND("T",B44,FIND("E0",B44))-(FIND("E0",B44)+2))) ))),"") -> 45 | G44: =IFERROR( IF(ISNUMBER(FIND("T2",B44)),220, IF(ISNUMBER(FIND("T4",B44)),440, IF(ISNUMBER(FIND("T5",B44)),575, IF(ISNUMBER(FIND("T6",B44)),690,"")))), "") -> 220
A45: 13498395 | B45: =VLOOKUP(A45,Planilha2!B:C,2,0) -> INVERSOR CFW700D88P0T4DBN1Y1-UI | C45: F13 | D45: =VLOOKUP(A45,Planilha2!B:H,7,0) -> LINHA M3 | E45: 31100 | F45: =IFERROR( IF(ISNUMBER(FIND("CFW110",B45)), VALUE(MID(B45,FIND("CFW110",B45)+6,FIND("T",B45,FIND("CFW110",B45))-(FIND("CFW110",B45)+6))), IF(ISNUMBER(FIND("D",B45)), VALUE(SUBSTITUTE(MID(B45,FIND("D",B45)+1,FIND("T",B45,FIND("D",B45))-(FIND("D",B45)+1)),"P",",")), IF(ISNUMBER(FIND("CFW5",B45)), VALUE(MID(B45, IF(ISNUMBER(FIND("F",B45)),FIND("F",B45)+1,FIND("G",B45)+1), FIND("T",B45)-(IF(ISNUMBER(FIND("F",B45)),FIND("F",B45)+1,FIND("G",B45)+1)) )), VALUE(MID(B45,FIND("E0",B45)+2,FIND("T",B45,FIND("E0",B45))-(FIND("E0",B45)+2))) ))),"") -> 88 | G45: =IFERROR( IF(ISNUMBER(FIND("T2",B45)),220, IF(ISNUMBER(FIND("T4",B45)),440, IF(ISNUMBER(FIND("T5",B45)),575, IF(ISNUMBER(FIND("T6",B45)),690,"")))), "") -> 440
A46: 13511209 | B46: =VLOOKUP(A46,Planilha2!B:C,2,0) -> INVERSOR BRCFW110058T4OWS7Z | C46: F13 | D46: =VLOOKUP(A46,Planilha2!B:H,7,0) -> LINHA M3 | E46: 20870 | F46: =IFERROR( IF(ISNUMBER(FIND("CFW110",B46)), VALUE(MID(B46,FIND("CFW110",B46)+6,FIND("T",B46,FIND("CFW110",B46))-(FIND("CFW110",B46)+6))), IF(ISNUMBER(FIND("D",B46)), VALUE(SUBSTITUTE(MID(B46,FIND("D",B46)+1,FIND("T",B46,FIND("D",B46))-(FIND("D",B46)+1)),"P",",")), IF(ISNUMBER(FIND("CFW5",B46)), VALUE(MID(B46, IF(ISNUMBER(FIND("F",B46)),FIND("F",B46)+1,FIND("G",B46)+1), FIND("T",B46)-(IF(ISNUMBER(FIND("F",B46)),FIND("F",B46)+1,FIND("G",B46)+1)) )), VALUE(MID(B46,FIND("E0",B46)+2,FIND("T",B46,FIND("E0",B46))-(FIND("E0",B46)+2))) ))),"") -> 58 | G46: =IFERROR( IF(ISNUMBER(FIND("T2",B46)),220, IF(ISNUMBER(FIND("T4",B46)),440, IF(ISNUMBER(FIND("T5",B46)),575, IF(ISNUMBER(FIND("T6",B46)),690,"")))), "") -> 440
A47: 13509572 | B47: =VLOOKUP(A47,Planilha2!B:C,2,0) -> INVERSOR BRCFW110088T4OWS7Z | C47: F13 | D47: =VLOOKUP(A47,Planilha2!B:H,7,0) -> LINHA M3 | E47: 33200 | F47: =IFERROR( IF(ISNUMBER(FIND("CFW110",B47)), VALUE(MID(B47,FIND("CFW110",B47)+6,FIND("T",B47,FIND("CFW110",B47))-(FIND("CFW110",B47)+6))), IF(ISNUMBER(FIND("D",B47)), VALUE(SUBSTITUTE(MID(B47,FIND("D",B47)+1,FIND("T",B47,FIND("D",B47))-(FIND("D",B47)+1)),"P",",")), IF(ISNUMBER(FIND("CFW5",B47)), VALUE(MID(B47, IF(ISNUMBER(FIND("F",B47)),FIND("F",B47)+1,FIND("G",B47)+1), FIND("T",B47)-(IF(ISNUMBER(FIND("F",B47)),FIND("F",B47)+1,FIND("G",B47)+1)) )), VALUE(MID(B47,FIND("E0",B47)+2,FIND("T",B47,FIND("E0",B47))-(FIND("E0",B47)+2))) ))),"") -> 88 | G47: =IFERROR( IF(ISNUMBER(FIND("T2",B47)),220, IF(ISNUMBER(FIND("T4",B47)),440, IF(ISNUMBER(FIND("T5",B47)),575, IF(ISNUMBER(FIND("T6",B47)),690,"")))), "") -> 440
A48: 13511023 | B48: =VLOOKUP(A48,Planilha2!B:C,2,0) -> INVERSOR CFW700D70P5T4DBN1Y1-UI | C48: F13 | D48: =VLOOKUP(A48,Planilha2!B:H,7,0) -> LINHA M3 | E48: 26392 | F48: =IFERROR( IF(ISNUMBER(FIND("CFW110",B48)), VALUE(MID(B48,FIND("CFW110",B48)+6,FIND("T",B48,FIND("CFW110",B48))-(FIND("CFW110",B48)+6))), IF(ISNUMBER(FIND("D",B48)), VALUE(SUBSTITUTE(MID(B48,FIND("D",B48)+1,FIND("T",B48,FIND("D",B48))-(FIND("D",B48)+1)),"P",",")), IF(ISNUMBER(FIND("CFW5",B48)), VALUE(MID(B48, IF(ISNUMBER(FIND("F",B48)),FIND("F",B48)+1,FIND("G",B48)+1), FIND("T",B48)-(IF(ISNUMBER(FIND("F",B48)),FIND("F",B48)+1,FIND("G",B48)+1)) )), VALUE(MID(B48,FIND("E0",B48)+2,FIND("T",B48,FIND("E0",B48))-(FIND("E0",B48)+2))) ))),"") -> 70.5 | G48: =IFERROR( IF(ISNUMBER(FIND("T2",B48)),220, IF(ISNUMBER(FIND("T4",B48)),440, IF(ISNUMBER(FIND("T5",B48)),575, IF(ISNUMBER(FIND("T6",B48)),690,"")))), "") -> 440
A49: 13509423 | B49: =VLOOKUP(A49,Planilha2!B:C,2,0) -> INVERSOR BRCFW110070T4OFAYZ-UI | C49: F13 | D49: =VLOOKUP(A49,Planilha2!B:H,7,0) -> LINHA M3 | E49: 31100 | F49: =IFERROR( IF(ISNUMBER(FIND("CFW110",B49)), VALUE(MID(B49,FIND("CFW110",B49)+6,FIND("T",B49,FIND("CFW110",B49))-(FIND("CFW110",B49)+6))), IF(ISNUMBER(FIND("D",B49)), VALUE(SUBSTITUTE(MID(B49,FIND("D",B49)+1,FIND("T",B49,FIND("D",B49))-(FIND("D",B49)+1)),"P",",")), IF(ISNUMBER(FIND("CFW5",B49)), VALUE(MID(B49, IF(ISNUMBER(FIND("F",B49)),FIND("F",B49)+1,FIND("G",B49)+1), FIND("T",B49)-(IF(ISNUMBER(FIND("F",B49)),FIND("F",B49)+1,FIND("G",B49)+1)) )), VALUE(MID(B49,FIND("E0",B49)+2,FIND("T",B49,FIND("E0",B49))-(FIND("E0",B49)+2))) ))),"") -> 70 | G49: =IFERROR( IF(ISNUMBER(FIND("T2",B49)),220, IF(ISNUMBER(FIND("T4",B49)),440, IF(ISNUMBER(FIND("T5",B49)),575, IF(ISNUMBER(FIND("T6",B49)),690,"")))), "") -> 440
A50: 13509573 | B50: =VLOOKUP(A50,Planilha2!B:C,2,0) -> INVERSOR BRCFW110088T4OWS7Z-UI | C50: F13 | D50: =VLOOKUP(A50,Planilha2!B:H,7,0) -> LINHA M3 | E50: 33200 | F50: =IFERROR( IF(ISNUMBER(FIND("CFW110",B50)), VALUE(MID(B50,FIND("CFW110",B50)+6,FIND("T",B50,FIND("CFW110",B50))-(FIND("CFW110",B50)+6))), IF(ISNUMBER(FIND("D",B50)), VALUE(SUBSTITUTE(MID(B50,FIND("D",B50)+1,FIND("T",B50,FIND("D",B50))-(FIND("D",B50)+1)),"P",",")), IF(ISNUMBER(FIND("CFW5",B50)), VALUE(MID(B50, IF(ISNUMBER(FIND("F",B50)),FIND("F",B50)+1,FIND("G",B50)+1), FIND("T",B50)-(IF(ISNUMBER(FIND("F",B50)),FIND("F",B50)+1,FIND("G",B50)+1)) )), VALUE(MID(B50,FIND("E0",B50)+2,FIND("T",B50,FIND("E0",B50))-(FIND("E0",B50)+2))) ))),"") -> 88 | G50: =IFERROR( IF(ISNUMBER(FIND("T2",B50)),220, IF(ISNUMBER(FIND("T4",B50)),440, IF(ISNUMBER(FIND("T5",B50)),575, IF(ISNUMBER(FIND("T6",B50)),690,"")))), "") -> 440
... A60: 13539762 | B60: =VLOOKUP(A60,Planilha2!B:C,2,0) -> INVERSOR CFW700D70P5T4DBN1C3-UI | C60: F13 | D60: =VLOOKUP(A60,Planilha2!B:H,7,0) -> LINHA M3 | E60: 26291 | F60: =IFERROR( IF(ISNUMBER(FIND("CFW110",B60)), VALUE(MID(B60,FIND("CFW110",B60)+6,FIND("T",B60,FIND("CFW110",B60))-(FIND("CFW110",B60)+6))), IF(ISNUMBER(FIND("D",B60)), VALUE(SUBSTITUTE(MID(B60,FIND("D",B60)+1,FIND("T",B60,FIND("D",B60))-(FIND("D",B60)+1)),"P",",")), IF(ISNUMBER(FIND("CFW5",B60)), VALUE(MID(B60, IF(ISNUMBER(FIND("F",B60)),FIND("F",B60)+1,FIND("G",B60)+1), FIND("T",B60)-(IF(ISNUMBER(FIND("F",B60)),FIND("F",B60)+1,FIND("G",B60)+1)) )), VALUE(MID(B60,FIND("E0",B60)+2,FIND("T",B60,FIND("E0",B60))-(FIND("E0",B60)+2))) ))),"") -> 70.5 | G60: =IFERROR( IF(ISNUMBER(FIND("T2",B60)),220, IF(ISNUMBER(FIND("T4",B60)),440, IF(ISNUMBER(FIND("T5",B60)),575, IF(ISNUMBER(FIND("T6",B60)),690,"")))), "") -> 440
A61: 13539793 | B61: =VLOOKUP(A61,Planilha2!B:C,2,0) -> INVERSOR BRCFW110070T4OFAS7Z | C61: F13 | D61: =VLOOKUP(A61,Planilha2!B:H,7,0) -> LINHA M3 | E61: 0,000 | F61: =IFERROR( IF(ISNUMBER(FIND("CFW110",B61)), VALUE(MID(B61,FIND("CFW110",B61)+6,FIND("T",B61,FIND("CFW110",B61))-(FIND("CFW110",B61)+6))), IF(ISNUMBER(FIND("D",B61)), VALUE(SUBSTITUTE(MID(B61,FIND("D",B61)+1,FIND("T",B61,FIND("D",B61))-(FIND("D",B61)+1)),"P",",")), IF(ISNUMBER(FIND("CFW5",B61)), VALUE(MID(B61, IF(ISNUMBER(FIND("F",B61)),FIND("F",B61)+1,FIND("G",B61)+1), FIND("T",B61)-(IF(ISNUMBER(FIND("F",B61)),FIND("F",B61)+1,FIND("G",B61)+1)) )), VALUE(MID(B61,FIND("E0",B61)+2,FIND("T",B61,FIND("E0",B61))-(FIND("E0",B61)+2))) ))),"") -> 70 | G61: =IFERROR( IF(ISNUMBER(FIND("T2",B61)),220, IF(ISNUMBER(FIND("T4",B61)),440, IF(ISNUMBER(FIND("T5",B61)),575, IF(ISNUMBER(FIND("T6",B61)),690,"")))), "") -> 440
A62: 13558081 | B62: =VLOOKUP(A62,Planilha2!B:C,2,0) -> INVERSOR CFW700D70P5T4DBN1C3Y1-UI | C62: F13 | D62: =VLOOKUP(A62,Planilha2!B:H,7,0) -> LINHA M3 | E62: 26381 | F62: =IFERROR( IF(ISNUMBER(FIND("CFW110",B62)), VALUE(MID(B62,FIND("CFW110",B62)+6,FIND("T",B62,FIND("CFW110",B62))-(FIND("CFW110",B62)+6))), IF(ISNUMBER(FIND("D",B62)), VALUE(SUBSTITUTE(MID(B62,FIND("D",B62)+1,FIND("T",B62,FIND("D",B62))-(FIND("D",B62)+1)),"P",",")), IF(ISNUMBER(FIND("CFW5",B62)), VALUE(MID(B62, IF(ISNUMBER(FIND("F",B62)),FIND("F",B62)+1,FIND("G",B62)+1), FIND("T",B62)-(IF(ISNUMBER(FIND("F",B62)),FIND("F",B62)+1,FIND("G",B62)+1)) )), VALUE(MID(B62,FIND("E0",B62)+2,FIND("T",B62,FIND("E0",B62))-(FIND("E0",B62)+2))) ))),"") -> 70.5 | G62: =IFERROR( IF(ISNUMBER(FIND("T2",B62)),220, IF(ISNUMBER(FIND("T4",B62)),440, IF(ISNUMBER(FIND("T5",B62)),575, IF(ISNUMBER(FIND("T6",B62)),690,"")))), "") -> 440
A63: 13505079 | B63: =VLOOKUP(A63,Planilha2!B:C,2,0) -> INVERSOR BRCFW110045T2OSVZ | C63: F13 | D63: =VLOOKUP(A63,Planilha2!B:H,7,0) -> LINHA M1 | E63: 15600 | F63: =IFERROR( IF(ISNUMBER(FIND("CFW110",B63)), VALUE(MID(B63,FIND("CFW110",B63)+6,FIND("T",B63,FIND("CFW110",B63))-(FIND("CFW110",B63)+6))), IF(ISNUMBER(FIND("D",B63)), VALUE(SUBSTITUTE(MID(B63,FIND("D",B63)+1,FIND("T",B63,FIND("D",B63))-(FIND("D",B63)+1)),"P",",")), IF(ISNUMBER(FIND("CFW5",B63)), VALUE(MID(B63, IF(ISNUMBER(FIND("F",B63)),FIND("F",B63)+1,FIND("G",B63)+1), FIND("T",B63)-(IF(ISNUMBER(FIND("F",B63)),FIND("F",B63)+1,FIND("G",B63)+1)) )), VALUE(MID(B63,FIND("E0",B63)+2,FIND("T",B63,FIND("E0",B63))-(FIND("E0",B63)+2))) ))),"") -> 45 | G63: =IFERROR( IF(ISNUMBER(FIND("T2",B63)),220, IF(ISNUMBER(FIND("T4",B63)),440, IF(ISNUMBER(FIND("T5",B63)),575, IF(ISNUMBER(FIND("T6",B63)),690,"")))), "") -> 220
A64: 13505080 | B64: =VLOOKUP(A64,Planilha2!B:C,2,0) -> INVERSOR BRCFW110054T2OSVZ | C64: F13 | D64: =VLOOKUP(A64,Planilha2!B:H,7,0) -> LINHA M1 | E64: 16000 | F64: =IFERROR( IF(ISNUMBER(FIND("CFW110",B64)), VALUE(MID(B64,FIND("CFW110",B64)+6,FIND("T",B64,FIND("CFW110",B64))-(FIND("CFW110",B64)+6))), IF(ISNUMBER(FIND("D",B64)), VALUE(SUBSTITUTE(MID(B64,FIND("D",B64)+1,FIND("T",B64,FIND("D",B64))-(FIND("D",B64)+1)),"P",",")), IF(ISNUMBER(FIND("CFW5",B64)), VALUE(MID(B64, IF(ISNUMBER(FIND("F",B64)),FIND("F",B64)+1,FIND("G",B64)+1), FIND("T",B64)-(IF(ISNUMBER(FIND("F",B64)),FIND("F",B64)+1,FIND("G",B64)+1)) )), VALUE(MID(B64,FIND("E0",B64)+2,FIND("T",B64,FIND("E0",B64))-(FIND("E0",B64)+2))) ))),"") -> 54 | G64: =IFERROR( IF(ISNUMBER(FIND("T2",B64)),220, IF(ISNUMBER(FIND("T4",B64)),440, IF(ISNUMBER(FIND("T5",B64)),575, IF(ISNUMBER(FIND("T6",B64)),690,"")))), "") -> 220
A65: 13505081 | B65: =VLOOKUP(A65,Planilha2!B:C,2,0) -> INVERSOR BRCFW110070T2OSVZ | C65: F13 | D65: =VLOOKUP(A65,Planilha2!B:H,7,0) -> LINHA M1 | E65: 17900 | F65: =IFERROR( IF(ISNUMBER(FIND("CFW110",B65)), VALUE(MID(B65,FIND("CFW110",B65)+6,FIND("T",B65,FIND("CFW110",B65))-(FIND("CFW110",B65)+6))), IF(ISNUMBER(FIND("D",B65)), VALUE(SUBSTITUTE(MID(B65,FIND("D",B65)+1,FIND("T",B65,FIND("D",B65))-(FIND("D",B65)+1)),"P",",")), IF(ISNUMBER(FIND("CFW5",B65)), VALUE(MID(B65, IF(ISNUMBER(FIND("F",B65)),FIND("F",B65)+1,FIND("G",B65)+1), FIND("T",B65)-(IF(ISNUMBER(FIND("F",B65)),FIND("F",B65)+1,FIND("G",B65)+1)) )), VALUE(MID(B65,FIND("E0",B65)+2,FIND("T",B65,FIND("E0",B65))-(FIND("E0",B65)+2))) ))),"") -> 70 | G65: =IFERROR( IF(ISNUMBER(FIND("T2",B65)),220, IF(ISNUMBER(FIND("T4",B65)),440, IF(ISNUMBER(FIND("T5",B65)),575, IF(ISNUMBER(FIND("T6",B65)),690,"")))), "") -> 220
A66: 13505082 | B66: =VLOOKUP(A66,Planilha2!B:C,2,0) -> INVERSOR BRCFW110086T2OSVZ | C66: F13 | D66: =VLOOKUP(A66,Planilha2!B:H,7,0) -> LINHA M3 | E66: 29500 | F66: =IFERROR( IF(ISNUMBER(FIND("CFW110",B66)), VALUE(MID(B66,FIND("CFW110",B66)+6,FIND("T",B66,FIND("CFW110",B66))-(FIND("CFW110",B66)+6))), IF(ISNUMBER(FIND("D",B66)), VALUE(SUBSTITUTE(MID(B66,FIND("D",B66)+1,FIND("T",B66,FIND("D",B66))-(FIND("D",B66)+1)),"P",",")), IF(ISNUMBER(FIND("CFW5",B66)), VALUE(MID(B66, IF(ISNUMBER(FIND("F",B66)),FIND("F",B66)+1,FIND("G",B66)+1), FIND("T",B66)-(IF(ISNUMBER(FIND("F",B66)),FIND("F",B66)+1,FIND("G",B66)+1)) )), VALUE(MID(B66,FIND("E0",B66)+2,FIND("T",B66,FIND("E0",B66))-(FIND("E0",B66)+2))) ))),"") -> 86 | G66: =IFERROR( IF(ISNUMBER(FIND("T2",B66)),220, IF(ISNUMBER(FIND("T4",B66)),440, IF(ISNUMBER(FIND("T5",B66)),575, IF(ISNUMBER(FIND("T6",B66)),690,"")))), "") -> 220
A67: 13505083 | B67: =VLOOKUP(A67,Planilha2!B:C,2,0) -> INVERSOR BRCFW110105T2OSVZ | C67: F13 | D67: =VLOOKUP(A67,Planilha2!B:H,7,0) -> LINHA M3 | E67: 31400 | F67: =IFERROR( IF(ISNUMBER(FIND("CFW110",B67)), VALUE(MID(B67,FIND("CFW110",B67)+6,FIND("T",B67,FIND("CFW110",B67))-(FIND("CFW110",B67)+6))), IF(ISNUMBER(FIND("D",B67)), VALUE(SUBSTITUTE(MID(B67,FIND("D",B67)+1,FIND("T",B67,FIND("D",B67))-(FIND("D",B67)+1)),"P",",")), IF(ISNUMBER(FIND("CFW5",B67)), VALUE(MID(B67, IF(ISNUMBER(FIND("F",B67)),FIND("F",B67)+1,FIND("G",B67)+1), FIND("T",B67)-(IF(ISNUMBER(FIND("F",B67)),FIND("F",B67)+1,FIND("G",B67)+1)) )), VALUE(MID(B67,FIND("E0",B67)+2,FIND("T",B67,FIND("E0",B67))-(FIND("E0",B67)+2))) ))),"") -> 105 | G67: =IFERROR( IF(ISNUMBER(FIND("T2",B67)),220, IF(ISNUMBER(FIND("T4",B67)),440, IF(ISNUMBER(FIND("T5",B67)),575, IF(ISNUMBER(FIND("T6",B67)),690,"")))), "") -> 220
A68: 13505408 | B68: =VLOOKUP(A68,Planilha2!B:C,2,0) -> INVERSOR BRCFW110088T4OSVZ | C68: F13 | D68: =VLOOKUP(A68,Planilha2!B:H,7,0) -> LINHA M3 | E68: 32600 | F68: =IFERROR( IF(ISNUMBER(FIND("CFW110",B68)), VALUE(MID(B68,FIND("CFW110",B68)+6,FIND("T",B68,FIND("CFW110",B68))-(FIND("CFW110",B68)+6))), IF(ISNUMBER(FIND("D",B68)), VALUE(SUBSTITUTE(MID(B68,FIND("D",B68)+1,FIND("T",B68,FIND("D",B68))-(FIND("D",B68)+1)),"P",",")), IF(ISNUMBER(FIND("CFW5",B68)), VALUE(MID(B68, IF(ISNUMBER(FIND("F",B68)),FIND("F",B68)+1,FIND("G",B68)+1), FIND("T",B68)-(IF(ISNUMBER(FIND("F",B68)),FIND("F",B68)+1,FIND("G",B68)+1)) )), VALUE(MID(B68,FIND("E0",B68)+2,FIND("T",B68,FIND("E0",B68))-(FIND("E0",B68)+2))) ))),"") -> 88 | G68: =IFERROR( IF(ISNUMBER(FIND("T2",B68)),220, IF(ISNUMBER(FIND("T4",B68)),440, IF(ISNUMBER(FIND("T5",B68)),575, IF(ISNUMBER(FIND("T6",B68)),690,"")))), "") -> 440
A69: 13505186 | B69: =VLOOKUP(A69,Planilha2!B:C,2,0) -> INVERSOR BRCFW110070T4OSVZ | C69: F13 | D69: =VLOOKUP(A69,Planilha2!B:H,7,0) -> LINHA M3 | E69: 31100 | F69: =IFERROR( IF(ISNUMBER(FIND("CFW110",B69)), VALUE(MID(B69,FIND("CFW110",B69)+6,FIND("T",B69,FIND("CFW110",B69))-(FIND("CFW110",B69)+6))), IF(ISNUMBER(FIND("D",B69)), VALUE(SUBSTITUTE(MID(B69,FIND("D",B69)+1,FIND("T",B69,FIND("D",B69))-(FIND("D",B69)+1)),"P",",")), IF(ISNUMBER(FIND("CFW5",B69)), VALUE(MID(B69, IF(ISNUMBER(FIND("F",B69)),FIND("F",B69)+1,FIND("G",B69)+1), FIND("T",B69)-(IF(ISNUMBER(FIND("F",B69)),FIND("F",B69)+1,FIND("G",B69)+1)) )), VALUE(MID(B69,FIND("E0",B69)+2,FIND("T",B69,FIND("E0",B69))-(FIND("E0",B69)+2))) ))),"") -> 70 | G69: =IFERROR( IF(ISNUMBER(FIND("T2",B69)),220, IF(ISNUMBER(FIND("T4",B69)),440, IF(ISNUMBER(FIND("T5",B69)),575, IF(ISNUMBER(FIND("T6",B69)),690,"")))), "") -> 440
A70: 13505152 | B70: =VLOOKUP(A70,Planilha2!B:C,2,0) -> INVERSOR BRCFW110058T4OSVZ | C70: F13 | D70: =VLOOKUP(A70,Planilha2!B:H,7,0) -> LINHA M1 | E70: 20500 | F70: =IFERROR( IF(ISNUMBER(FIND("CFW110",B70)), VALUE(MID(B70,FIND("CFW110",B70)+6,FIND("T",B70,FIND("CFW110",B70))-(FIND("CFW110",B70)+6))), IF(ISNUMBER(FIND("D",B70)), VALUE(SUBSTITUTE(MID(B70,FIND("D",B70)+1,FIND("T",B70,FIND("D",B70))-(FIND("D",B70)+1)),"P",",")), IF(ISNUMBER(FIND("CFW5",B70)), VALUE(MID(B70, IF(ISNUMBER(FIND("F",B70)),FIND("F",B70)+1,FIND("G",B70)+1), FIND("T",B70)-(IF(ISNUMBER(FIND("F",B70)),FIND("F",B70)+1,FIND("G",B70)+1)) )), VALUE(MID(B70,FIND("E0",B70)+2,FIND("T",B70,FIND("E0",B70))-(FIND("E0",B70)+2))) ))),"") -> 58 | G70: =IFERROR( IF(ISNUMBER(FIND("T2",B70)),220, IF(ISNUMBER(FIND("T4",B70)),440, IF(ISNUMBER(FIND("T5",B70)),575, IF(ISNUMBER(FIND("T6",B70)),690,"")))), "") -> 440
A71: 13505150 | B71: =VLOOKUP(A71,Planilha2!B:C,2,0) -> INVERSOR BRCFW110038T4OSVZ | C71: F13 | D71: =VLOOKUP(A71,Planilha2!B:H,7,0) -> LINHA M1 | E71: 16400 | F71: =IFERROR( IF(ISNUMBER(FIND("CFW110",B71)), VALUE(MID(B71,FIND("CFW110",B71)+6,FIND("T",B71,FIND("CFW110",B71))-(FIND("CFW110",B71)+6))), IF(ISNUMBER(FIND("D",B71)), VALUE(SUBSTITUTE(MID(B71,FIND("D",B71)+1,FIND("T",B71,FIND("D",B71))-(FIND("D",B71)+1)),"P",",")), IF(ISNUMBER(FIND("CFW5",B71)), VALUE(MID(B71, IF(ISNUMBER(FIND("F",B71)),FIND("F",B71)+1,FIND("G",B71)+1), FIND("T",B71)-(IF(ISNUMBER(FIND("F",B71)),FIND("F",B71)+1,FIND("G",B71)+1)) )), VALUE(MID(B71,FIND("E0",B71)+2,FIND("T",B71,FIND("E0",B71))-(FIND("E0",B71)+2))) ))),"") -> 38 | G71: =IFERROR( IF(ISNUMBER(FIND("T2",B71)),220, IF(ISNUMBER(FIND("T4",B71)),440, IF(ISNUMBER(FIND("T5",B71)),575, IF(ISNUMBER(FIND("T6",B71)),690,"")))), "") -> 440
A72: 13505151 | B72: =VLOOKUP(A72,Planilha2!B:C,2,0) -> INVERSOR BRCFW110045T4OSVZ | C72: F13 | D72: =VLOOKUP(A72,Planilha2!B:H,7,0) -> LINHA M1 | E72: 19600 | F72: =IFERROR( IF(ISNUMBER(FIND("CFW110",B72)), VALUE(MID(B72,FIND("CFW110",B72)+6,FIND("T",B72,FIND("CFW110",B72))-(FIND("CFW110",B72)+6))), IF(ISNUMBER(FIND("D",B72)), VALUE(SUBSTITUTE(MID(B72,FIND("D",B72)+1,FIND("T",B72,FIND("D",B72))-(FIND("D",B72)+1)),"P",",")), IF(ISNUMBER(FIND("CFW5",B72)), VALUE(MID(B72, IF(ISNUMBER(FIND("F",B72)),FIND("F",B72)+1,FIND("G",B72)+1), FIND("T",B72)-(IF(ISNUMBER(FIND("F",B72)),FIND("F",B72)+1,FIND("G",B72)+1)) )), VALUE(MID(B72,FIND("E0",B72)+2,FIND("T",B72,FIND("E0",B72))-(FIND("E0",B72)+2))) ))),"") -> 45 | G72: =IFERROR( IF(ISNUMBER(FIND("T2",B72)),220, IF(ISNUMBER(FIND("T4",B72)),440, IF(ISNUMBER(FIND("T5",B72)),575, IF(ISNUMBER(FIND("T6",B72)),690,"")))), "") -> 440
A73: 13594127 | B73: =VLOOKUP(A73,Planilha2!B:C,2,0) -> INVERSOR BRCFW110088T4OYZ-UI | C73: F13 | D73: =VLOOKUP(A73,Planilha2!B:H,7,0) -> LINHA M3 | E73: 33300 | F73: =IFERROR( IF(ISNUMBER(FIND("CFW110",B73)), VALUE(MID(B73,FIND("CFW110",B73)+6,FIND("T",B73,FIND("CFW110",B73))-(FIND("CFW110",B73)+6))), IF(ISNUMBER(FIND("D",B73)), VALUE(SUBSTITUTE(MID(B73,FIND("D",B73)+1,FIND("T",B73,FIND("D",B73))-(FIND("D",B73)+1)),"P",",")), IF(ISNUMBER(FIND("CFW5",B73)), VALUE(MID(B73, IF(ISNUMBER(FIND("F",B73)),FIND("F",B73)+1,FIND("G",B73)+1), FIND("T",B73)-(IF(ISNUMBER(FIND("F",B73)),FIND("F",B73)+1,FIND("G",B73)+1)) )), VALUE(MID(B73,FIND("E0",B73)+2,FIND("T",B73,FIND("E0",B73))-(FIND("E0",B73)+2))) ))),"") -> 88 | G73: =IFERROR( IF(ISNUMBER(FIND("T2",B73)),220, IF(ISNUMBER(FIND("T4",B73)),440, IF(ISNUMBER(FIND("T5",B73)),575, IF(ISNUMBER(FIND("T6",B73)),690,"")))), "") -> 440
... A102: 14124907 | B102: =VLOOKUP(A102,Planilha2!B:C,2,0) -> INVERSOR BRCFW110142T4OYSGZ | C102: F13 | D102: =VLOOKUP(A102,Planilha2!B:H,7,0) -> LINHA G1 | E102: 64210 | F102: =IFERROR( IF(ISNUMBER(FIND("CFW110",B102)), VALUE(MID(B102,FIND("CFW110",B102)+6,FIND("T",B102,FIND("CFW110",B102))-(FIND("CFW110",B102)+6))), IF(ISNUMBER(FIND("D",B102)), VALUE(SUBSTITUTE(MID(B102,FIND("D",B102)+1,FIND("T",B102,FIND("D",B102))-(FIND("D",B102)+1)),"P",",")), IF(ISNUMBER(FIND("CFW5",B102)), VALUE(MID(B102, IF(ISNUMBER(FIND("F",B102)),FIND("F",B102)+1,FIND("G",B102)+1), FIND("T",B102)-(IF(ISNUMBER(FIND("F",B102)),FIND("F",B102)+1,FIND("G",B102)+1)) )), VALUE(MID(B102,FIND("E0",B102)+2,FIND("T",B102,FIND("E0",B102))-(FIND("E0",B102)+2))) ))),"") -> 142 | G102: =IFERROR( IF(ISNUMBER(FIND("T2",B102)),220, IF(ISNUMBER(FIND("T4",B102)),440, IF(ISNUMBER(FIND("T5",B102)),575, IF(ISNUMBER(FIND("T6",B102)),690,"")))), "") -> 440
A103: 14214172 | B103: =VLOOKUP(A103,Planilha2!B:C,2,0) -> INVERSOR BRCFW110088T4OSIZ | C103: F13 | D103: =VLOOKUP(A103,Planilha2!B:H,7,0) -> LINHA M3 | E103: 0,000 | F103: =IFERROR( IF(ISNUMBER(FIND("CFW110",B103)), VALUE(MID(B103,FIND("CFW110",B103)+6,FIND("T",B103,FIND("CFW110",B103))-(FIND("CFW110",B103)+6))), IF(ISNUMBER(FIND("D",B103)), VALUE(SUBSTITUTE(MID(B103,FIND("D",B103)+1,FIND("T",B103,FIND("D",B103))-(FIND("D",B103)+1)),"P",",")), IF(ISNUMBER(FIND("CFW5",B103)), VALUE(MID(B103, IF(ISNUMBER(FIND("F",B103)),FIND("F",B103)+1,FIND("G",B103)+1), FIND("T",B103)-(IF(ISNUMBER(FIND("F",B103)),FIND("F",B103)+1,FIND("G",B103)+1)) )), VALUE(MID(B103,FIND("E0",B103)+2,FIND("T",B103,FIND("E0",B103))-(FIND("E0",B103)+2))) ))),"") -> 88 | G103: =IFERROR( IF(ISNUMBER(FIND("T2",B103)),220, IF(ISNUMBER(FIND("T4",B103)),440, IF(ISNUMBER(FIND("T5",B103)),575, IF(ISNUMBER(FIND("T6",B103)),690,"")))), "") -> 440
A104: 14239203 | B104: =VLOOKUP(A104,Planilha2!B:C,2,0) -> INVERSOR BRCFW110105T4ODBZ-UI | C104: F13 | D104: =VLOOKUP(A104,Planilha2!B:H,7,0) -> LINHA G1 | E104: 31100 | F104: =IFERROR( IF(ISNUMBER(FIND("CFW110",B104)), VALUE(MID(B104,FIND("CFW110",B104)+6,FIND("T",B104,FIND("CFW110",B104))-(FIND("CFW110",B104)+6))), IF(ISNUMBER(FIND("D",B104)), VALUE(SUBSTITUTE(MID(B104,FIND("D",B104)+1,FIND("T",B104,FIND("D",B104))-(FIND("D",B104)+1)),"P",",")), IF(ISNUMBER(FIND("CFW5",B104)), VALUE(MID(B104, IF(ISNUMBER(FIND("F",B104)),FIND("F",B104)+1,FIND("G",B104)+1), FIND("T",B104)-(IF(ISNUMBER(FIND("F",B104)),FIND("F",B104)+1,FIND("G",B104)+1)) )), VALUE(MID(B104,FIND("E0",B104)+2,FIND("T",B104,FIND("E0",B104))-(FIND("E0",B104)+2))) ))),"") -> 105 | G104: =IFERROR( IF(ISNUMBER(FIND("T2",B104)),220, IF(ISNUMBER(FIND("T4",B104)),440, IF(ISNUMBER(FIND("T5",B104)),575, IF(ISNUMBER(FIND("T6",B104)),690,"")))), "") -> 440
A105: 14325954 | B105: =VLOOKUP(A105,Planilha2!B:C,2,0) -> INVERSOR CFW700D88P0T4DB21 | C105: F13 | D105: =VLOOKUP(A105,Planilha2!B:H,7,0) -> OBSOLETOS DRIVES | E105: 26490 | F105: =IFERROR( IF(ISNUMBER(FIND("CFW110",B105)), VALUE(MID(B105,FIND("CFW110",B105)+6,FIND("T",B105,FIND("CFW110",B105))-(FIND("CFW110",B105)+6))), IF(ISNUMBER(FIND("D",B105)), VALUE(SUBSTITUTE(MID(B105,FIND("D",B105)+1,FIND("T",B105,FIND("D",B105))-(FIND("D",B105)+1)),"P",",")), IF(ISNUMBER(FIND("CFW5",B105)), VALUE(MID(B105, IF(ISNUMBER(FIND("F",B105)),FIND("F",B105)+1,FIND("G",B105)+1), FIND("T",B105)-(IF(ISNUMBER(FIND("F",B105)),FIND("F",B105)+1,FIND("G",B105)+1)) )), VALUE(MID(B105,FIND("E0",B105)+2,FIND("T",B105,FIND("E0",B105))-(FIND("E0",B105)+2))) ))),"") -> 88 | G105: =IFERROR( IF(ISNUMBER(FIND("T2",B105)),220, IF(ISNUMBER(FIND("T4",B105)),440, IF(ISNUMBER(FIND("T5",B105)),575, IF(ISNUMBER(FIND("T6",B105)),690,"")))), "") -> 440
A106: 12105101 | B106: =VLOOKUP(A106,Planilha2!B:C,2,0) -> INVERSOR NACFW110058T4ON1YZ | C106: F13 | D106: =VLOOKUP(A106,Planilha2!B:H,7,0) -> LINHA M1 | E106: 20870 | F106: =IFERROR( IF(ISNUMBER(FIND("CFW110",B106)), VALUE(MID(B106,FIND("CFW110",B106)+6,FIND("T",B106,FIND("CFW110",B106))-(FIND("CFW110",B106)+6))), IF(ISNUMBER(FIND("D",B106)), VALUE(SUBSTITUTE(MID(B106,FIND("D",B106)+1,FIND("T",B106,FIND("D",B106))-(FIND("D",B106)+1)),"P",",")), IF(ISNUMBER(FIND("CFW5",B106)), VALUE(MID(B106, IF(ISNUMBER(FIND("F",B106)),FIND("F",B106)+1,FIND("G",B106)+1), FIND("T",B106)-(IF(ISNUMBER(FIND("F",B106)),FIND("F",B106)+1,FIND("G",B106)+1)) )), VALUE(MID(B106,FIND("E0",B106)+2,FIND("T",B106,FIND("E0",B106))-(FIND("E0",B106)+2))) ))),"") -> 58 | G106: =IFERROR( IF(ISNUMBER(FIND("T2",B106)),220, IF(ISNUMBER(FIND("T4",B106)),440, IF(ISNUMBER(FIND("T5",B106)),575, IF(ISNUMBER(FIND("T6",B106)),690,"")))), "") -> 440
A107: 12939875 | B107: =VLOOKUP(A107,Planilha2!B:C,2,0) -> INVERSOR BRCFW110058T4OFAS7Z | C107: F13 | D107: =VLOOKUP(A107,Planilha2!B:H,7,0) -> LINHA M1 | E107: 4500 | F107: =IFERROR( IF(ISNUMBER(FIND("CFW110",B107)), VALUE(MID(B107,FIND("CFW110",B107)+6,FIND("T",B107,FIND("CFW110",B107))-(FIND("CFW110",B107)+6))), IF(ISNUMBER(FIND("D",B107)), VALUE(SUBSTITUTE(MID(B107,FIND("D",B107)+1,FIND("T",B107,FIND("D",B107))-(FIND("D",B107)+1)),"P",",")), IF(ISNUMBER(FIND("CFW5",B107)), VALUE(MID(B107, IF(ISNUMBER(FIND("F",B107)),FIND("F",B107)+1,FIND("G",B107)+1), FIND("T",B107)-(IF(ISNUMBER(FIND("F",B107)),FIND("F",B107)+1,FIND("G",B107)+1)) )), VALUE(MID(B107,FIND("E0",B107)+2,FIND("T",B107,FIND("E0",B107))-(FIND("E0",B107)+2))) ))),"") -> 58 | G107: =IFERROR( IF(ISNUMBER(FIND("T2",B107)),220, IF(ISNUMBER(FIND("T4",B107)),440, IF(ISNUMBER(FIND("T5",B107)),575, IF(ISNUMBER(FIND("T6",B107)),690,"")))), "") -> 440
A108: 12948171 | B108: =VLOOKUP(A108,Planilha2!B:C,2,0) -> INVERSOR CFW700D70P5T4DBN1C3Y1HASC | C108: F13 | D108: =VLOOKUP(A108,Planilha2!B:H,7,0) -> OBSOLETOS DRIVES | E108: 26381 | F108: =IFERROR( IF(ISNUMBER(FIND("CFW110",B108)), VALUE(MID(B108,FIND("CFW110",B108)+6,FIND("T",B108,FIND("CFW110",B108))-(FIND("CFW110",B108)+6))), IF(ISNUMBER(FIND("D",B108)), VALUE(SUBSTITUTE(MID(B108,FIND("D",B108)+1,FIND("T",B108,FIND("D",B108))-(FIND("D",B108)+1)),"P",",")), IF(ISNUMBER(FIND("CFW5",B108)), VALUE(MID(B108, IF(ISNUMBER(FIND("F",B108)),FIND("F",B108)+1,FIND("G",B108)+1), FIND("T",B108)-(IF(ISNUMBER(FIND("F",B108)),FIND("F",B108)+1,FIND("G",B108)+1)) )), VALUE(MID(B108,FIND("E0",B108)+2,FIND("T",B108,FIND("E0",B108))-(FIND("E0",B108)+2))) ))),"") -> 70.5 | G108: =IFERROR( IF(ISNUMBER(FIND("T2",B108)),220, IF(ISNUMBER(FIND("T4",B108)),440, IF(ISNUMBER(FIND("T5",B108)),575, IF(ISNUMBER(FIND("T6",B108)),690,"")))), "") -> 440
A109: 13005264 | B109: =VLOOKUP(A109,Planilha2!B:C,2,0) -> INVERSOR SACFW110044T6SZ | C109: F13 | D109: =VLOOKUP(A109,Planilha2!B:H,7,0) -> LINHA M3 | E109: 26000 | F109: =IFERROR( IF(ISNUMBER(FIND("CFW110",B109)), VALUE(MID(B109,FIND("CFW110",B109)+6,FIND("T",B109,FIND("CFW110",B109))-(FIND("CFW110",B109)+6))), IF(ISNUMBER(FIND("D",B109)), VALUE(SUBSTITUTE(MID(B109,FIND("D",B109)+1,FIND("T",B109,FIND("D",B109))-(FIND("D",B109)+1)),"P",",")), IF(ISNUMBER(FIND("CFW5",B109)), VALUE(MID(B109, IF(ISNUMBER(FIND("F",B109)),FIND("F",B109)+1,FIND("G",B109)+1), FIND("T",B109)-(IF(ISNUMBER(FIND("F",B109)),FIND("F",B109)+1,FIND("G",B109)+1)) )), VALUE(MID(B109,FIND("E0",B109)+2,FIND("T",B109,FIND("E0",B109))-(FIND("E0",B109)+2))) ))),"") -> 44 | G109: =IFERROR( IF(ISNUMBER(FIND("T2",B109)),220, IF(ISNUMBER(FIND("T4",B109)),440, IF(ISNUMBER(FIND("T5",B109)),575, IF(ISNUMBER(FIND("T6",B109)),690,"")))), "") -> 690
A110: 12954432 | B110: =VLOOKUP(A110,Planilha2!B:C,2,0) -> INVERSOR CFW701D0105T2DB55C3DS | C110: F13 | D110: =VLOOKUP(A110,Planilha2!B:H,7,0) -> OBSOLETOS DRIVES | E110: 46000 | F110: =IFERROR( IF(ISNUMBER(FIND("CFW110",B110)), VALUE(MID(B110,FIND("CFW110",B110)+6,FIND("T",B110,FIND("CFW110",B110))-(FIND("CFW110",B110)+6))), IF(ISNUMBER(FIND("D",B110)), VALUE(SUBSTITUTE(MID(B110,FIND("D",B110)+1,FIND("T",B110,FIND("D",B110))-(FIND("D",B110)+1)),"P",",")), IF(ISNUMBER(FIND("CFW5",B110)), VALUE(MID(B110, IF(ISNUMBER(FIND("F",B110)),FIND("F",B110)+1,FIND("G",B110)+1), FIND("T",B110)-(IF(ISNUMBER(FIND("F",B110)),FIND("F",B110)+1,FIND("G",B110)+1)) )), VALUE(MID(B110,FIND("E0",B110)+2,FIND("T",B110,FIND("E0",B110))-(FIND("E0",B110)+2))) ))),"") -> 105 | G110: =IFERROR( IF(ISNUMBER(FIND("T2",B110)),220, IF(ISNUMBER(FIND("T4",B110)),440, IF(ISNUMBER(FIND("T5",B110)),575, IF(ISNUMBER(FIND("T6",B110)),690,"")))), "") -> 220
A111: 12954433 | B111: =VLOOKUP(A111,Planilha2!B:C,2,0) -> INVERSOR CFW701D70P5T4DB55C3DS | C111: F13 | D111: =VLOOKUP(A111,Planilha2!B:H,7,0) -> OBSOLETOS DRIVES | E111: 47200 | F111: =IFERROR( IF(ISNUMBER(FIND("CFW110",B111)), VALUE(MID(B111,FIND("CFW110",B111)+6,FIND("T",B111,FIND("CFW110",B111))-(FIND("CFW110",B111)+6))), IF(ISNUMBER(FIND("D",B111)), VALUE(SUBSTITUTE(MID(B111,FIND("D",B111)+1,FIND("T",B111,FIND("D",B111))-(FIND("D",B111)+1)),"P",",")), IF(ISNUMBER(FIND("CFW5",B111)), VALUE(MID(B111, IF(ISNUMBER(FIND("F",B111)),FIND("F",B111)+1,FIND("G",B111)+1), FIND("T",B111)-(IF(ISNUMBER(FIND("F",B111)),FIND("F",B111)+1,FIND("G",B111)+1)) )), VALUE(MID(B111,FIND("E0",B111)+2,FIND("T",B111,FIND("E0",B111))-(FIND("E0",B111)+2))) ))),"") -> 70.5 | G111: =IFERROR( IF(ISNUMBER(FIND("T2",B111)),220, IF(ISNUMBER(FIND("T4",B111)),440, IF(ISNUMBER(FIND("T5",B111)),575, IF(ISNUMBER(FIND("T6",B111)),690,"")))), "") -> 440
A112: 12954431 | B112: =VLOOKUP(A112,Planilha2!B:C,2,0) -> INVERSOR CFW701D86P0T2DB55C3DS | C112: F13 | D112: =VLOOKUP(A112,Planilha2!B:H,7,0) -> OBSOLETOS DRIVES | E112: 42900 | F112: =IFERROR( IF(ISNUMBER(FIND("CFW110",B112)), VALUE(MID(B112,FIND("CFW110",B112)+6,FIND("T",B112,FIND("CFW110",B112))-(FIND("CFW110",B112)+6))), IF(ISNUMBER(FIND("D",B112)), VALUE(SUBSTITUTE(MID(B112,FIND("D",B112)+1,FIND("T",B112,FIND("D",B112))-(FIND("D",B112)+1)),"P",",")), IF(ISNUMBER(FIND("CFW5",B112)), VALUE(MID(B112, IF(ISNUMBER(FIND("F",B112)),FIND("F",B112)+1,FIND("G",B112)+1), FIND("T",B112)-(IF(ISNUMBER(FIND("F",B112)),FIND("F",B112)+1,FIND("G",B112)+1)) )), VALUE(MID(B112,FIND("E0",B112)+2,FIND("T",B112,FIND("E0",B112))-(FIND("E0",B112)+2))) ))),"") -> 86 | G112: =IFERROR( IF(ISNUMBER(FIND("T2",B112)),220, IF(ISNUMBER(FIND("T4",B112)),440, IF(ISNUMBER(FIND("T5",B112)),575, IF(ISNUMBER(FIND("T6",B112)),690,"")))), "") -> 220
A113: 12954434 | B113: =VLOOKUP(A113,Planilha2!B:C,2,0) -> INVERSOR CFW701D88P0T4DB55C3DS | C113: F13 | D113: =VLOOKUP(A113,Planilha2!B:H,7,0) -> OBSOLETOS DRIVES | E113: 48700 | F113: =IFERROR( IF(ISNUMBER(FIND("CFW110",B113)), VALUE(MID(B113,FIND("CFW110",B113)+6,FIND("T",B113,FIND("CFW110",B113))-(FIND("CFW110",B113)+6))), IF(ISNUMBER(FIND("D",B113)), VALUE(SUBSTITUTE(MID(B113,FIND("D",B113)+1,FIND("T",B113,FIND("D",B113))-(FIND("D",B113)+1)),"P",",")), IF(ISNUMBER(FIND("CFW5",B113)), VALUE(MID(B113, IF(ISNUMBER(FIND("F",B113)),FIND("F",B113)+1,FIND("G",B113)+1), FIND("T",B113)-(IF(ISNUMBER(FIND("F",B113)),FIND("F",B113)+1,FIND("G",B113)+1)) )), VALUE(MID(B113,FIND("E0",B113)+2,FIND("T",B113,FIND("E0",B113))-(FIND("E0",B113)+2))) ))),"") -> 88 | G113: =IFERROR( IF(ISNUMBER(FIND("T2",B113)),220, IF(ISNUMBER(FIND("T4",B113)),440, IF(ISNUMBER(FIND("T5",B113)),575, IF(ISNUMBER(FIND("T6",B113)),690,"")))), "") -> 440
A114: 12954181 | B114: =VLOOKUP(A114,Planilha2!B:C,2,0) -> INVERSOR CFW701D0105T2DB55C3 | C114: F13 | D114: =VLOOKUP(A114,Planilha2!B:H,7,0) -> OBSOLETOS DRIVES | E114: 45100 | F114: =IFERROR( IF(ISNUMBER(FIND("CFW110",B114)), VALUE(MID(B114,FIND("CFW110",B114)+6,FIND("T",B114,FIND("CFW110",B114))-(FIND("CFW110",B114)+6))), IF(ISNUMBER(FIND("D",B114)), VALUE(SUBSTITUTE(MID(B114,FIND("D",B114)+1,FIND("T",B114,FIND("D",B114))-(FIND("D",B114)+1)),"P",",")), IF(ISNUMBER(FIND("CFW5",B114)), VALUE(MID(B114, IF(ISNUMBER(FIND("F",B114)),FIND("F",B114)+1,FIND("G",B114)+1), FIND("T",B114)-(IF(ISNUMBER(FIND("F",B114)),FIND("F",B114)+1,FIND("G",B114)+1)) )), VALUE(MID(B114,FIND("E0",B114)+2,FIND("T",B114,FIND("E0",B114))-(FIND("E0",B114)+2))) ))),"") -> 105 | G114: =IFERROR( IF(ISNUMBER(FIND("T2",B114)),220, IF(ISNUMBER(FIND("T4",B114)),440, IF(ISNUMBER(FIND("T5",B114)),575, IF(ISNUMBER(FIND("T6",B114)),690,"")))), "") -> 220
A115: 12954278 | B115: =VLOOKUP(A115,Planilha2!B:C,2,0) -> INVERSOR CFW701D88P0T4DB55C3 | C115: F13 | D115: =VLOOKUP(A115,Planilha2!B:H,7,0) -> OBSOLETOS DRIVES | E115: 47800 | F115: =IFERROR( IF(ISNUMBER(FIND("CFW110",B115)), VALUE(MID(B115,FIND("CFW110",B115)+6,FIND("T",B115,FIND("CFW110",B115))-(FIND("CFW110",B115)+6))), IF(ISNUMBER(FIND("D",B115)), VALUE(SUBSTITUTE(MID(B115,FIND("D",B115)+1,FIND("T",B115,FIND("D",B115))-(FIND("D",B115)+1)),"P",",")), IF(ISNUMBER(FIND("CFW5",B115)), VALUE(MID(B115, IF(ISNUMBER(FIND("F",B115)),FIND("F",B115)+1,FIND("G",B115)+1), FIND("T",B115)-(IF(ISNUMBER(FIND("F",B115)),FIND("F",B115)+1,FIND("G",B115)+1)) )), VALUE(MID(B115,FIND("E0",B115)+2,FIND("T",B115,FIND("E0",B115))-(FIND("E0",B115)+2))) ))),"") -> 88 | G115: =IFERROR( IF(ISNUMBER(FIND("T2",B115)),220, IF(ISNUMBER(FIND("T4",B115)),440, IF(ISNUMBER(FIND("T5",B115)),575, IF(ISNUMBER(FIND("T6",B115)),690,"")))), "") -> 440
... A254: 13924683 | B254: =VLOOKUP(A254,Planilha2!B:C,2,0) -> INVERSOR CFW700E0211T2NB55C3 | C254: F13 | D254: =VLOOKUP(A254,Planilha2!B:H,7,0) -> OBSOLETOS DRIVES | E254: 98200 | F254: =IFERROR( IF(ISNUMBER(FIND("CFW110",B254)), VALUE(MID(B254,FIND("CFW110",B254)+6,FIND("T",B254,FIND("CFW110",B254))-(FIND("CFW110",B254)+6))), IF(ISNUMBER(FIND("D",B254)), VALUE(SUBSTITUTE(MID(B254,FIND("D",B254)+1,FIND("T",B254,FIND("D",B254))-(FIND("D",B254)+1)),"P",",")), IF(ISNUMBER(FIND("CFW5",B254)), VALUE(MID(B254, IF(ISNUMBER(FIND("F",B254)),FIND("F",B254)+1,FIND("G",B254)+1), FIND("T",B254)-(IF(ISNUMBER(FIND("F",B254)),FIND("F",B254)+1,FIND("G",B254)+1)) )), VALUE(MID(B254,FIND("E0",B254)+2,FIND("T",B254,FIND("E0",B254))-(FIND("E0",B254)+2))) ))),"") -> 211 | G254: =IFERROR( IF(ISNUMBER(FIND("T2",B254)),220, IF(ISNUMBER(FIND("T4",B254)),440, IF(ISNUMBER(FIND("T5",B254)),575, IF(ISNUMBER(FIND("T6",B254)),690,"")))), "") -> 220
A255: 14846504 | B255: =VLOOKUP(A255,Planilha2!B:C,2,0) -> INVERSOR BRCFW110070T4O55ECZ | C255: F13 | D255: =VLOOKUP(A255,Planilha2!B:H,7,0) -> LINHA M3 | E255: 0,000 | F255: =IFERROR( IF(ISNUMBER(FIND("CFW110",B255)), VALUE(MID(B255,FIND("CFW110",B255)+6,FIND("T",B255,FIND("CFW110",B255))-(FIND("CFW110",B255)+6))), IF(ISNUMBER(FIND("D",B255)), VALUE(SUBSTITUTE(MID(B255,FIND("D",B255)+1,FIND("T",B255,FIND("D",B255))-(FIND("D",B255)+1)),"P",",")), IF(ISNUMBER(FIND("CFW5",B255)), VALUE(MID(B255, IF(ISNUMBER(FIND("F",B255)),FIND("F",B255)+1,FIND("G",B255)+1), FIND("T",B255)-(IF(ISNUMBER(FIND("F",B255)),FIND("F",B255)+1,FIND("G",B255)+1)) )), VALUE(MID(B255,FIND("E0",B255)+2,FIND("T",B255,FIND("E0",B255))-(FIND("E0",B255)+2))) ))),"") -> 70 | G255: =IFERROR( IF(ISNUMBER(FIND("T2",B255)),220, IF(ISNUMBER(FIND("T4",B255)),440, IF(ISNUMBER(FIND("T5",B255)),575, IF(ISNUMBER(FIND("T6",B255)),690,"")))), "") -> 440
A256: 14882241 | B256: =VLOOKUP(A256,Planilha2!B:C,2,0) -> INVERSOR MSCFW110070T4OFAZ-UI | C256: F13 | D256: =VLOOKUP(A256,Planilha2!B:H,7,0) -> LINHA M3 | E256: 31100 | F256: =IFERROR( IF(ISNUMBER(FIND("CFW110",B256)), VALUE(MID(B256,FIND("CFW110",B256)+6,FIND("T",B256,FIND("CFW110",B256))-(FIND("CFW110",B256)+6))), IF(ISNUMBER(FIND("D",B256)), VALUE(SUBSTITUTE(MID(B256,FIND("D",B256)+1,FIND("T",B256,FIND("D",B256))-(FIND("D",B256)+1)),"P",",")), IF(ISNUMBER(FIND("CFW5",B256)), VALUE(MID(B256, IF(ISNUMBER(FIND("F",B256)),FIND("F",B256)+1,FIND("G",B256)+1), FIND("T",B256)-(IF(ISNUMBER(FIND("F",B256)),FIND("F",B256)+1,FIND("G",B256)+1)) )), VALUE(MID(B256,FIND("E0",B256)+2,FIND("T",B256,FIND("E0",B256))-(FIND("E0",B256)+2))) ))),"") -> 70 | G256: =IFERROR( IF(ISNUMBER(FIND("T2",B256)),220, IF(ISNUMBER(FIND("T4",B256)),440, IF(ISNUMBER(FIND("T5",B256)),575, IF(ISNUMBER(FIND("T6",B256)),690,"")))), "") -> 440
A257: 14397284 | B257: =VLOOKUP(A257,Planilha2!B:C,2,0) -> INVERSOR BRCFW110142T4OYWZ-UI | C257: F13 | D257: =VLOOKUP(A257,Planilha2!B:H,7,0) -> LINHA G1 | E257: 60360 | F257: =IFERROR( IF(ISNUMBER(FIND("CFW110",B257)), VALUE(MID(B257,FIND("CFW110",B257)+6,FIND("T",B257,FIND("CFW110",B257))-(FIND("CFW110",B257)+6))), IF(ISNUMBER(FIND("D",B257)), VALUE(SUBSTITUTE(MID(B257,FIND("D",B257)+1,FIND("T",B257,FIND("D",B257))-(FIND("D",B257)+1)),"P",",")), IF(ISNUMBER(FIND("CFW5",B257)), VALUE(MID(B257, IF(ISNUMBER(FIND("F",B257)),FIND("F",B257)+1,FIND("G",B257)+1), FIND("T",B257)-(IF(ISNUMBER(FIND("F",B257)),FIND("F",B257)+1,FIND("G",B257)+1)) )), VALUE(MID(B257,FIND("E0",B257)+2,FIND("T",B257,FIND("E0",B257))-(FIND("E0",B257)+2))) ))),"") -> 142 | G257: =IFERROR( IF(ISNUMBER(FIND("T2",B257)),220, IF(ISNUMBER(FIND("T4",B257)),440, IF(ISNUMBER(FIND("T5",B257)),575, IF(ISNUMBER(FIND("T6",B257)),690,"")))), "") -> 440
A258: 14922220 | B258: =VLOOKUP(A258,Planilha2!B:C,2,0) -> INVERSOR EUCFW110088T4OFAYWZ-UI | C258: F13 | D258: =VLOOKUP(A258,Planilha2!B:H,7,0) -> LINHA M3 | E258: 32960 | F258: =IFERROR( IF(ISNUMBER(FIND("CFW110",B258)), VALUE(MID(B258,FIND("CFW110",B258)+6,FIND("T",B258,FIND("CFW110",B258))-(FIND("CFW110",B258)+6))), IF(ISNUMBER(FIND("D",B258)), VALUE(SUBSTITUTE(MID(B258,FIND("D",B258)+1,FIND("T",B258,FIND("D",B258))-(FIND("D",B258)+1)),"P",",")), IF(ISNUMBER(FIND("CFW5",B258)), VALUE(MID(B258, IF(ISNUMBER(FIND("F",B258)),FIND("F",B258)+1,FIND("G",B258)+1), FIND("T",B258)-(IF(ISNUMBER(FIND("F",B258)),FIND("F",B258)+1,FIND("G",B258)+1)) )), VALUE(MID(B258,FIND("E0",B258)+2,FIND("T",B258,FIND("E0",B258))-(FIND("E0",B258)+2))) ))),"") -> 88 | G258: =IFERROR( IF(ISNUMBER(FIND("T2",B258)),220, IF(ISNUMBER(FIND("T4",B258)),440, IF(ISNUMBER(FIND("T5",B258)),575, IF(ISNUMBER(FIND("T6",B258)),690,"")))), "") -> 440
A259: 11988847 | B259: =VLOOKUP(A259,Planilha2!B:C,2,0) -> INVERSOR EUCFW110004T6OYZ | C259: F13 | D259: =VLOOKUP(A259,Planilha2!B:H,7,0) -> LINHA M3 | E259: 26360 | F259: =IFERROR( IF(ISNUMBER(FIND("CFW110",B259)), VALUE(MID(B259,FIND("CFW110",B259)+6,FIND("T",B259,FIND("CFW110",B259))-(FIND("CFW110",B259)+6))), IF(ISNUMBER(FIND("D",B259)), VALUE(SUBSTITUTE(MID(B259,FIND("D",B259)+1,FIND("T",B259,FIND("D",B259))-(FIND("D",B259)+1)),"P",",")), IF(ISNUMBER(FIND("CFW5",B259)), VALUE(MID(B259, IF(ISNUMBER(FIND("F",B259)),FIND("F",B259)+1,FIND("G",B259)+1), FIND("T",B259)-(IF(ISNUMBER(FIND("F",B259)),FIND("F",B259)+1,FIND("G",B259)+1)) )), VALUE(MID(B259,FIND("E0",B259)+2,FIND("T",B259,FIND("E0",B259))-(FIND("E0",B259)+2))) ))),"") -> 4 | G259: =IFERROR( IF(ISNUMBER(FIND("T2",B259)),220, IF(ISNUMBER(FIND("T4",B259)),440, IF(ISNUMBER(FIND("T5",B259)),575, IF(ISNUMBER(FIND("T6",B259)),690,"")))), "") -> 690
A260: 14949606 | B260: =VLOOKUP(A260,Planilha2!B:C,2,0) -> INVERSOR CFW700E0180T4NB55C3Y1 | C260: F13 | D260: =VLOOKUP(A260,Planilha2!B:H,7,0) -> OBSOLETOS DRIVES | E260: 83370 | F260: =IFERROR( IF(ISNUMBER(FIND("CFW110",B260)), VALUE(MID(B260,FIND("CFW110",B260)+6,FIND("T",B260,FIND("CFW110",B260))-(FIND("CFW110",B260)+6))), IF(ISNUMBER(FIND("D",B260)), VALUE(SUBSTITUTE(MID(B260,FIND("D",B260)+1,FIND("T",B260,FIND("D",B260))-(FIND("D",B260)+1)),"P",",")), IF(ISNUMBER(FIND("CFW5",B260)), VALUE(MID(B260, IF(ISNUMBER(FIND("F",B260)),FIND("F",B260)+1,FIND("G",B260)+1), FIND("T",B260)-(IF(ISNUMBER(FIND("F",B260)),FIND("F",B260)+1,FIND("G",B260)+1)) )), VALUE(MID(B260,FIND("E0",B260)+2,FIND("T",B260,FIND("E0",B260))-(FIND("E0",B260)+2))) ))),"") -> 180 | G260: =IFERROR( IF(ISNUMBER(FIND("T2",B260)),220, IF(ISNUMBER(FIND("T4",B260)),440, IF(ISNUMBER(FIND("T5",B260)),575, IF(ISNUMBER(FIND("T6",B260)),690,"")))), "") -> 440
A261: 14995666 | B261: =VLOOKUP(A261,Planilha2!B:C,2,0) -> INVERSOR EUCFW110058T4OFAYWSUZ | C261: F13 | D261: =VLOOKUP(A261,Planilha2!B:H,7,0) -> LINHA M1 | E261: 4500 | F261: =IFERROR( IF(ISNUMBER(FIND("CFW110",B261)), VALUE(MID(B261,FIND("CFW110",B261)+6,FIND("T",B261,FIND("CFW110",B261))-(FIND("CFW110",B261)+6))), IF(ISNUMBER(FIND("D",B261)), VALUE(SUBSTITUTE(MID(B261,FIND("D",B261)+1,FIND("T",B261,FIND("D",B261))-(FIND("D",B261)+1)),"P",",")), IF(ISNUMBER(FIND("CFW5",B261)), VALUE(MID(B261, IF(ISNUMBER(FIND("F",B261)),FIND("F",B261)+1,FIND("G",B261)+1), FIND("T",B261)-(IF(ISNUMBER(FIND("F",B261)),FIND("F",B261)+1,FIND("G",B261)+1)) )), VALUE(MID(B261,FIND("E0",B261)+2,FIND("T",B261,FIND("E0",B261))-(FIND("E0",B261)+2))) ))),"") -> 58 | G261: =IFERROR( IF(ISNUMBER(FIND("T2",B261)),220, IF(ISNUMBER(FIND("T4",B261)),440, IF(ISNUMBER(FIND("T5",B261)),575, IF(ISNUMBER(FIND("T6",B261)),690,"")))), "") -> 440
A262: 13920887 | B262: =VLOOKUP(A262,Planilha2!B:C,2,0) -> INVERSOR CFW700D70P5T4DB55C3DS | C262: F13 | D262: =VLOOKUP(A262,Planilha2!B:H,7,0) -> OBSOLETOS DRIVES | E262: 47200 | F262: =IFERROR( IF(ISNUMBER(FIND("CFW110",B262)), VALUE(MID(B262,FIND("CFW110",B262)+6,FIND("T",B262,FIND("CFW110",B262))-(FIND("CFW110",B262)+6))), IF(ISNUMBER(FIND("D",B262)), VALUE(SUBSTITUTE(MID(B262,FIND("D",B262)+1,FIND("T",B262,FIND("D",B262))-(FIND("D",B262)+1)),"P",",")), IF(ISNUMBER(FIND("CFW5",B262)), VALUE(MID(B262, IF(ISNUMBER(FIND("F",B262)),FIND("F",B262)+1,FIND("G",B262)+1), FIND("T",B262)-(IF(ISNUMBER(FIND("F",B262)),FIND("F",B262)+1,FIND("G",B262)+1)) )), VALUE(MID(B262,FIND("E0",B262)+2,FIND("T",B262,FIND("E0",B262))-(FIND("E0",B262)+2))) ))),"") -> 70.5 | G262: =IFERROR( IF(ISNUMBER(FIND("T2",B262)),220, IF(ISNUMBER(FIND("T4",B262)),440, IF(ISNUMBER(FIND("T5",B262)),575, IF(ISNUMBER(FIND("T6",B262)),690,"")))), "") -> 440
A263: 14995663 | B263: =VLOOKUP(A263,Planilha2!B:C,2,0) -> INVERSOR EUCFW110038T4OFAYWSUZ | C263: F13 | D263: =VLOOKUP(A263,Planilha2!B:H,7,0) -> LINHA M1 | E263: 4500 | F263: =IFERROR( IF(ISNUMBER(FIND("CFW110",B263)), VALUE(MID(B263,FIND("CFW110",B263)+6,FIND("T",B263,FIND("CFW110",B263))-(FIND("CFW110",B263)+6))), IF(ISNUMBER(FIND("D",B263)), VALUE(SUBSTITUTE(MID(B263,FIND("D",B263)+1,FIND("T",B263,FIND("D",B263))-(FIND("D",B263)+1)),"P",",")), IF(ISNUMBER(FIND("CFW5",B263)), VALUE(MID(B263, IF(ISNUMBER(FIND("F",B263)),FIND("F",B263)+1,FIND("G",B263)+1), FIND("T",B263)-(IF(ISNUMBER(FIND("F",B263)),FIND("F",B263)+1,FIND("G",B263)+1)) )), VALUE(MID(B263,FIND("E0",B263)+2,FIND("T",B263,FIND("E0",B263))-(FIND("E0",B263)+2))) ))),"") -> 38 | G263: =IFERROR( IF(ISNUMBER(FIND("T2",B263)),220, IF(ISNUMBER(FIND("T4",B263)),440, IF(ISNUMBER(FIND("T5",B263)),575, IF(ISNUMBER(FIND("T6",B263)),690,"")))), "") -> 440
A264: 14995664 | B264: =VLOOKUP(A264,Planilha2!B:C,2,0) -> INVERSOR EUCFW110045T4OFAYWSUZ | C264: F13 | D264: =VLOOKUP(A264,Planilha2!B:H,7,0) -> LINHA M1 | E264: 4500 | F264: =IFERROR( IF(ISNUMBER(FIND("CFW110",B264)), VALUE(MID(B264,FIND("CFW110",B264)+6,FIND("T",B264,FIND("CFW110",B264))-(FIND("CFW110",B264)+6))), IF(ISNUMBER(FIND("D",B264)), VALUE(SUBSTITUTE(MID(B264,FIND("D",B264)+1,FIND("T",B264,FIND("D",B264))-(FIND("D",B264)+1)),"P",",")), IF(ISNUMBER(FIND("CFW5",B264)), VALUE(MID(B264, IF(ISNUMBER(FIND("F",B264)),FIND("F",B264)+1,FIND("G",B264)+1), FIND("T",B264)-(IF(ISNUMBER(FIND("F",B264)),FIND("F",B264)+1,FIND("G",B264)+1)) )), VALUE(MID(B264,FIND("E0",B264)+2,FIND("T",B264,FIND("E0",B264))-(FIND("E0",B264)+2))) ))),"") -> 45 | G264: =IFERROR( IF(ISNUMBER(FIND("T2",B264)),220, IF(ISNUMBER(FIND("T4",B264)),440, IF(ISNUMBER(FIND("T5",B264)),575, IF(ISNUMBER(FIND("T6",B264)),690,"")))), "") -> 440
A265: 14995754 | B265: =VLOOKUP(A265,Planilha2!B:C,2,0) -> INVERSOR EUCFW110088T4OFAYWSUZ-UI | C265: F13 | D265: =VLOOKUP(A265,Planilha2!B:H,7,0) -> LINHA M3 | E265: 29500 | F265: =IFERROR( IF(ISNUMBER(FIND("CFW110",B265)), VALUE(MID(B265,FIND("CFW110",B265)+6,FIND("T",B265,FIND("CFW110",B265))-(FIND("CFW110",B265)+6))), IF(ISNUMBER(FIND("D",B265)), VALUE(SUBSTITUTE(MID(B265,FIND("D",B265)+1,FIND("T",B265,FIND("D",B265))-(FIND("D",B265)+1)),"P",",")), IF(ISNUMBER(FIND("CFW5",B265)), VALUE(MID(B265, IF(ISNUMBER(FIND("F",B265)),FIND("F",B265)+1,FIND("G",B265)+1), FIND("T",B265)-(IF(ISNUMBER(FIND("F",B265)),FIND("F",B265)+1,FIND("G",B265)+1)) )), VALUE(MID(B265,FIND("E0",B265)+2,FIND("T",B265,FIND("E0",B265))-(FIND("E0",B265)+2))) ))),"") -> 88 | G265: =IFERROR( IF(ISNUMBER(FIND("T2",B265)),220, IF(ISNUMBER(FIND("T4",B265)),440, IF(ISNUMBER(FIND("T5",B265)),575, IF(ISNUMBER(FIND("T6",B265)),690,"")))), "") -> 440
A266: 14995753 | B266: =VLOOKUP(A266,Planilha2!B:C,2,0) -> INVERSOR EUCFW110070T4OFAYWSUZ-UI | C266: F13 | D266: =VLOOKUP(A266,Planilha2!B:H,7,0) -> LINHA M3 | E266: 26000 | F266: =IFERROR( IF(ISNUMBER(FIND("CFW110",B266)), VALUE(MID(B266,FIND("CFW110",B266)+6,FIND("T",B266,FIND("CFW110",B266))-(FIND("CFW110",B266)+6))), IF(ISNUMBER(FIND("D",B266)), VALUE(SUBSTITUTE(MID(B266,FIND("D",B266)+1,FIND("T",B266,FIND("D",B266))-(FIND("D",B266)+1)),"P",",")), IF(ISNUMBER(FIND("CFW5",B266)), VALUE(MID(B266, IF(ISNUMBER(FIND("F",B266)),FIND("F",B266)+1,FIND("G",B266)+1), FIND("T",B266)-(IF(ISNUMBER(FIND("F",B266)),FIND("F",B266)+1,FIND("G",B266)+1)) )), VALUE(MID(B266,FIND("E0",B266)+2,FIND("T",B266,FIND("E0",B266))-(FIND("E0",B266)+2))) ))),"") -> 70 | G266: =IFERROR( IF(ISNUMBER(FIND("T2",B266)),220, IF(ISNUMBER(FIND("T4",B266)),440, IF(ISNUMBER(FIND("T5",B266)),575, IF(ISNUMBER(FIND("T6",B266)),690,"")))), "") -> 440
A267: 14995755 | B267: =VLOOKUP(A267,Planilha2!B:C,2,0) -> INVERSOR EUCFW110105T4OYWSUZ-UI | C267: F13 | D267: =VLOOKUP(A267,Planilha2!B:H,7,0) -> LINHA G1 | E267: 64213 | F267: =IFERROR( IF(ISNUMBER(FIND("CFW110",B267)), VALUE(MID(B267,FIND("CFW110",B267)+6,FIND("T",B267,FIND("CFW110",B267))-(FIND("CFW110",B267)+6))), IF(ISNUMBER(FIND("D",B267)), VALUE(SUBSTITUTE(MID(B267,FIND("D",B267)+1,FIND("T",B267,FIND("D",B267))-(FIND("D",B267)+1)),"P",",")), IF(ISNUMBER(FIND("CFW5",B267)), VALUE(MID(B267, IF(ISNUMBER(FIND("F",B267)),FIND("F",B267)+1,FIND("G",B267)+1), FIND("T",B267)-(IF(ISNUMBER(FIND("F",B267)),FIND("F",B267)+1,FIND("G",B267)+1)) )), VALUE(MID(B267,FIND("E0",B267)+2,FIND("T",B267,FIND("E0",B267))-(FIND("E0",B267)+2))) ))),"") -> 105 | G267: =IFERROR( IF(ISNUMBER(FIND("T2",B267)),220, IF(ISNUMBER(FIND("T4",B267)),440, IF(ISNUMBER(FIND("T5",B267)),575, IF(ISNUMBER(FIND("T6",B267)),690,"")))), "") -> 440
... A484: 15658348 | B484: =VLOOKUP(A484,Planilha2!B:C,2,0) -> INVERSOR BRCFW110045T2OFAECZ | C484: F13 | D484: =VLOOKUP(A484,Planilha2!B:H,7,0) -> LINHA M1 | E484: 15700 | F484: =IFERROR( IF(ISNUMBER(FIND("CFW110",B484)), VALUE(MID(B484,FIND("CFW110",B484)+6,FIND("T",B484,FIND("CFW110",B484))-(FIND("CFW110",B484)+6))), IF(ISNUMBER(FIND("D",B484)), VALUE(SUBSTITUTE(MID(B484,FIND("D",B484)+1,FIND("T",B484,FIND("D",B484))-(FIND("D",B484)+1)),"P",",")), IF(ISNUMBER(FIND("CFW5",B484)), VALUE(MID(B484, IF(ISNUMBER(FIND("F",B484)),FIND("F",B484)+1,FIND("G",B484)+1), FIND("T",B484)-(IF(ISNUMBER(FIND("F",B484)),FIND("F",B484)+1,FIND("G",B484)+1)) )), VALUE(MID(B484,FIND("E0",B484)+2,FIND("T",B484,FIND("E0",B484))-(FIND("E0",B484)+2))) ))),"") -> 45 | G484: =IFERROR( IF(ISNUMBER(FIND("T2",B484)),220, IF(ISNUMBER(FIND("T4",B484)),440, IF(ISNUMBER(FIND("T5",B484)),575, IF(ISNUMBER(FIND("T6",B484)),690,"")))), "") -> 220
A485: 15841299 | B485: =VLOOKUP(A485,Planilha2!B:C,2,0) -> INVERSOR EUCFW110142T4ODB55DSYZ | C485: F13 | D485: =VLOOKUP(A485,Planilha2!B:H,7,0) -> LINHA E1 | E485: 0,000 | F485: =IFERROR( IF(ISNUMBER(FIND("CFW110",B485)), VALUE(MID(B485,FIND("CFW110",B485)+6,FIND("T",B485,FIND("CFW110",B485))-(FIND("CFW110",B485)+6))), IF(ISNUMBER(FIND("D",B485)), VALUE(SUBSTITUTE(MID(B485,FIND("D",B485)+1,FIND("T",B485,FIND("D",B485))-(FIND("D",B485)+1)),"P",",")), IF(ISNUMBER(FIND("CFW5",B485)), VALUE(MID(B485, IF(ISNUMBER(FIND("F",B485)),FIND("F",B485)+1,FIND("G",B485)+1), FIND("T",B485)-(IF(ISNUMBER(FIND("F",B485)),FIND("F",B485)+1,FIND("G",B485)+1)) )), VALUE(MID(B485,FIND("E0",B485)+2,FIND("T",B485,FIND("E0",B485))-(FIND("E0",B485)+2))) ))),"") -> 142 | G485: =IFERROR( IF(ISNUMBER(FIND("T2",B485)),220, IF(ISNUMBER(FIND("T4",B485)),440, IF(ISNUMBER(FIND("T5",B485)),575, IF(ISNUMBER(FIND("T6",B485)),690,"")))), "") -> 440
A486: 16494931 | B486: =VLOOKUP(A486,Planilha2!B:C,2,0) -> INVERSOR BRCFW110070T2OH4Z | C486: F13 | D486: =VLOOKUP(A486,Planilha2!B:H,7,0) -> LINHA M1 | E486: 28100 | F486: =IFERROR( IF(ISNUMBER(FIND("CFW110",B486)), VALUE(MID(B486,FIND("CFW110",B486)+6,FIND("T",B486,FIND("CFW110",B486))-(FIND("CFW110",B486)+6))), IF(ISNUMBER(FIND("D",B486)), VALUE(SUBSTITUTE(MID(B486,FIND("D",B486)+1,FIND("T",B486,FIND("D",B486))-(FIND("D",B486)+1)),"P",",")), IF(ISNUMBER(FIND("CFW5",B486)), VALUE(MID(B486, IF(ISNUMBER(FIND("F",B486)),FIND("F",B486)+1,FIND("G",B486)+1), FIND("T",B486)-(IF(ISNUMBER(FIND("F",B486)),FIND("F",B486)+1,FIND("G",B486)+1)) )), VALUE(MID(B486,FIND("E0",B486)+2,FIND("T",B486,FIND("E0",B486))-(FIND("E0",B486)+2))) ))),"") -> 70 | G486: =IFERROR( IF(ISNUMBER(FIND("T2",B486)),220, IF(ISNUMBER(FIND("T4",B486)),440, IF(ISNUMBER(FIND("T5",B486)),575, IF(ISNUMBER(FIND("T6",B486)),690,"")))), "") -> 220
A487: 16645612 | B487: =VLOOKUP(A487,Planilha2!B:C,2,0) -> INVERSOR BRCFW110038T4OFAYECZ | C487: F13 | D487: =VLOOKUP(A487,Planilha2!B:H,7,0) -> LINHA M1 | E487: 4500 | F487: =IFERROR( IF(ISNUMBER(FIND("CFW110",B487)), VALUE(MID(B487,FIND("CFW110",B487)+6,FIND("T",B487,FIND("CFW110",B487))-(FIND("CFW110",B487)+6))), IF(ISNUMBER(FIND("D",B487)), VALUE(SUBSTITUTE(MID(B487,FIND("D",B487)+1,FIND("T",B487,FIND("D",B487))-(FIND("D",B487)+1)),"P",",")), IF(ISNUMBER(FIND("CFW5",B487)), VALUE(MID(B487, IF(ISNUMBER(FIND("F",B487)),FIND("F",B487)+1,FIND("G",B487)+1), FIND("T",B487)-(IF(ISNUMBER(FIND("F",B487)),FIND("F",B487)+1,FIND("G",B487)+1)) )), VALUE(MID(B487,FIND("E0",B487)+2,FIND("T",B487,FIND("E0",B487))-(FIND("E0",B487)+2))) ))),"") -> 38 | G487: =IFERROR( IF(ISNUMBER(FIND("T2",B487)),220, IF(ISNUMBER(FIND("T4",B487)),440, IF(ISNUMBER(FIND("T5",B487)),575, IF(ISNUMBER(FIND("T6",B487)),690,"")))), "") -> 440
A488: 16645439 | B488: =VLOOKUP(A488,Planilha2!B:C,2,0) -> INVERSOR BRCFW110058T4OFAYECZ | C488: F13 | D488: =VLOOKUP(A488,Planilha2!B:H,7,0) -> LINHA M1 | E488: 21201 | F488: =IFERROR( IF(ISNUMBER(FIND("CFW110",B488)), VALUE(MID(B488,FIND("CFW110",B488)+6,FIND("T",B488,FIND("CFW110",B488))-(FIND("CFW110",B488)+6))), IF(ISNUMBER(FIND("D",B488)), VALUE(SUBSTITUTE(MID(B488,FIND("D",B488)+1,FIND("T",B488,FIND("D",B488))-(FIND("D",B488)+1)),"P",",")), IF(ISNUMBER(FIND("CFW5",B488)), VALUE(MID(B488, IF(ISNUMBER(FIND("F",B488)),FIND("F",B488)+1,FIND("G",B488)+1), FIND("T",B488)-(IF(ISNUMBER(FIND("F",B488)),FIND("F",B488)+1,FIND("G",B488)+1)) )), VALUE(MID(B488,FIND("E0",B488)+2,FIND("T",B488,FIND("E0",B488))-(FIND("E0",B488)+2))) ))),"") -> 58 | G488: =IFERROR( IF(ISNUMBER(FIND("T2",B488)),220, IF(ISNUMBER(FIND("T4",B488)),440, IF(ISNUMBER(FIND("T5",B488)),575, IF(ISNUMBER(FIND("T6",B488)),690,"")))), "") -> 440
A489: 16641543 | B489: =VLOOKUP(A489,Planilha2!B:C,2,0) -> INVERSOR CFW700C58P5T4DB20C3Y1HWEN | C489: F13 | D489: =VLOOKUP(A489,Planilha2!B:H,7,0) -> OBSOLETOS DRIVES | E489: 16000 | F489: =IFERROR( IF(ISNUMBER(FIND("CFW110",B489)), VALUE(MID(B489,FIND("CFW110",B489)+6,FIND("T",B489,FIND("CFW110",B489))-(FIND("CFW110",B489)+6))), IF(ISNUMBER(FIND("D",B489)), VALUE(SUBSTITUTE(MID(B489,FIND("D",B489)+1,FIND("T",B489,FIND("D",B489))-(FIND("D",B489)+1)),"P",",")), IF(ISNUMBER(FIND("CFW5",B489)), VALUE(MID(B489, IF(ISNUMBER(FIND("F",B489)),FIND("F",B489)+1,FIND("G",B489)+1), FIND("T",B489)-(IF(ISNUMBER(FIND("F",B489)),FIND("F",B489)+1,FIND("G",B489)+1)) )), VALUE(MID(B489,FIND("E0",B489)+2,FIND("T",B489,FIND("E0",B489))-(FIND("E0",B489)+2))) ))),"") | G489: =IFERROR( IF(ISNUMBER(FIND("T2",B489)),220, IF(ISNUMBER(FIND("T4",B489)),440, IF(ISNUMBER(FIND("T5",B489)),575, IF(ISNUMBER(FIND("T6",B489)),690,"")))), "") -> 440
A490: 16706018 | B490: =VLOOKUP(A490,Planilha2!B:C,2,0) -> INVERSOR CFW500G0142T4DB20H03SDG2 | C490: F13 | D490: =VLOOKUP(A490,Planilha2!B:H,7,0) -> LINHA G1 | E490: 30000 | F490: =IFERROR( IF(ISNUMBER(FIND("CFW110",B490)), VALUE(MID(B490,FIND("CFW110",B490)+6,FIND("T",B490,FIND("CFW110",B490))-(FIND("CFW110",B490)+6))), IF(ISNUMBER(FIND("D",B490)), VALUE(SUBSTITUTE(MID(B490,FIND("D",B490)+1,FIND("T",B490,FIND("D",B490))-(FIND("D",B490)+1)),"P",",")), IF(ISNUMBER(FIND("CFW5",B490)), VALUE(MID(B490, IF(ISNUMBER(FIND("F",B490)),FIND("F",B490)+1,FIND("G",B490)+1), FIND("T",B490)-(IF(ISNUMBER(FIND("F",B490)),FIND("F",B490)+1,FIND("G",B490)+1)) )), VALUE(MID(B490,FIND("E0",B490)+2,FIND("T",B490,FIND("E0",B490))-(FIND("E0",B490)+2))) ))),"") | G490: =IFERROR( IF(ISNUMBER(FIND("T2",B490)),220, IF(ISNUMBER(FIND("T4",B490)),440, IF(ISNUMBER(FIND("T5",B490)),575, IF(ISNUMBER(FIND("T6",B490)),690,"")))), "") -> 440
A491: 16706021 | B491: =VLOOKUP(A491,Planilha2!B:C,2,0) -> INVERSOR CFW500G0180T4DB20H03SDG2 | C491: F13 | D491: =VLOOKUP(A491,Planilha2!B:H,7,0) -> LINHA G1 | E491: 30000 | F491: =IFERROR( IF(ISNUMBER(FIND("CFW110",B491)), VALUE(MID(B491,FIND("CFW110",B491)+6,FIND("T",B491,FIND("CFW110",B491))-(FIND("CFW110",B491)+6))), IF(ISNUMBER(FIND("D",B491)), VALUE(SUBSTITUTE(MID(B491,FIND("D",B491)+1,FIND("T",B491,FIND("D",B491))-(FIND("D",B491)+1)),"P",",")), IF(ISNUMBER(FIND("CFW5",B491)), VALUE(MID(B491, IF(ISNUMBER(FIND("F",B491)),FIND("F",B491)+1,FIND("G",B491)+1), FIND("T",B491)-(IF(ISNUMBER(FIND("F",B491)),FIND("F",B491)+1,FIND("G",B491)+1)) )), VALUE(MID(B491,FIND("E0",B491)+2,FIND("T",B491,FIND("E0",B491))-(FIND("E0",B491)+2))) ))),"") | G491: =IFERROR( IF(ISNUMBER(FIND("T2",B491)),220, IF(ISNUMBER(FIND("T4",B491)),440, IF(ISNUMBER(FIND("T5",B491)),575, IF(ISNUMBER(FIND("T6",B491)),690,"")))), "") -> 440
A492: 16706025 | B492: =VLOOKUP(A492,Planilha2!B:C,2,0) -> INVERSOR CFW500G0211T4DB20H03SDG2 | C492: F13 | D492: =VLOOKUP(A492,Planilha2!B:H,7,0) -> LINHA G1 | E492: 30000 | F492: =IFERROR( IF(ISNUMBER(FIND("CFW110",B492)), VALUE(MID(B492,FIND("CFW110",B492)+6,FIND("T",B492,FIND("CFW110",B492))-(FIND("CFW110",B492)+6))), IF(ISNUMBER(FIND("D",B492)), VALUE(SUBSTITUTE(MID(B492,FIND("D",B492)+1,FIND("T",B492,FIND("D",B492))-(FIND("D",B492)+1)),"P",",")), IF(ISNUMBER(FIND("CFW5",B492)), VALUE(MID(B492, IF(ISNUMBER(FIND("F",B492)),FIND("F",B492)+1,FIND("G",B492)+1), FIND("T",B492)-(IF(ISNUMBER(FIND("F",B492)),FIND("F",B492)+1,FIND("G",B492)+1)) )), VALUE(MID(B492,FIND("E0",B492)+2,FIND("T",B492,FIND("E0",B492))-(FIND("E0",B492)+2))) ))),"") | G492: =IFERROR( IF(ISNUMBER(FIND("T2",B492)),220, IF(ISNUMBER(FIND("T4",B492)),440, IF(ISNUMBER(FIND("T5",B492)),575, IF(ISNUMBER(FIND("T6",B492)),690,"")))), "") -> 440
A493: 16747614 | B493: =VLOOKUP(A493,Planilha2!B:C,2,0) -> INVERSOR BRCFW110032T6ONBYHSZ | C493: F13 | D493: =VLOOKUP(A493,Planilha2!B:H,7,0) -> LINHA M3 | E493: 26000 | F493: =IFERROR( IF(ISNUMBER(FIND("CFW110",B493)), VALUE(MID(B493,FIND("CFW110",B493)+6,FIND("T",B493,FIND("CFW110",B493))-(FIND("CFW110",B493)+6))), IF(ISNUMBER(FIND("D",B493)), VALUE(SUBSTITUTE(MID(B493,FIND("D",B493)+1,FIND("T",B493,FIND("D",B493))-(FIND("D",B493)+1)),"P",",")), IF(ISNUMBER(FIND("CFW5",B493)), VALUE(MID(B493, IF(ISNUMBER(FIND("F",B493)),FIND("F",B493)+1,FIND("G",B493)+1), FIND("T",B493)-(IF(ISNUMBER(FIND("F",B493)),FIND("F",B493)+1,FIND("G",B493)+1)) )), VALUE(MID(B493,FIND("E0",B493)+2,FIND("T",B493,FIND("E0",B493))-(FIND("E0",B493)+2))) ))),"") -> 32 | G493: =IFERROR( IF(ISNUMBER(FIND("T2",B493)),220, IF(ISNUMBER(FIND("T4",B493)),440, IF(ISNUMBER(FIND("T5",B493)),575, IF(ISNUMBER(FIND("T6",B493)),690,"")))), "") -> 690
A494: 16747045 | B494: =VLOOKUP(A494,Planilha2!B:C,2,0) -> INVERSOR BRCFW110027T6ONBYHSZ | C494: F13 | D494: =VLOOKUP(A494,Planilha2!B:H,7,0) -> LINHA M3 | E494: 26000 | F494: =IFERROR( IF(ISNUMBER(FIND("CFW110",B494)), VALUE(MID(B494,FIND("CFW110",B494)+6,FIND("T",B494,FIND("CFW110",B494))-(FIND("CFW110",B494)+6))), IF(ISNUMBER(FIND("D",B494)), VALUE(SUBSTITUTE(MID(B494,FIND("D",B494)+1,FIND("T",B494,FIND("D",B494))-(FIND("D",B494)+1)),"P",",")), IF(ISNUMBER(FIND("CFW5",B494)), VALUE(MID(B494, IF(ISNUMBER(FIND("F",B494)),FIND("F",B494)+1,FIND("G",B494)+1), FIND("T",B494)-(IF(ISNUMBER(FIND("F",B494)),FIND("F",B494)+1,FIND("G",B494)+1)) )), VALUE(MID(B494,FIND("E0",B494)+2,FIND("T",B494,FIND("E0",B494))-(FIND("E0",B494)+2))) ))),"") -> 27 | G494: =IFERROR( IF(ISNUMBER(FIND("T2",B494)),220, IF(ISNUMBER(FIND("T4",B494)),440, IF(ISNUMBER(FIND("T5",B494)),575, IF(ISNUMBER(FIND("T6",B494)),690,"")))), "") -> 690
A495: 16746980 | B495: =VLOOKUP(A495,Planilha2!B:C,2,0) -> INVERSOR BRCFW110022T6ONBYHSZ | C495: F13 | D495: =VLOOKUP(A495,Planilha2!B:H,7,0) -> LINHA M3 | E495: 26000 | F495: =IFERROR( IF(ISNUMBER(FIND("CFW110",B495)), VALUE(MID(B495,FIND("CFW110",B495)+6,FIND("T",B495,FIND("CFW110",B495))-(FIND("CFW110",B495)+6))), IF(ISNUMBER(FIND("D",B495)), VALUE(SUBSTITUTE(MID(B495,FIND("D",B495)+1,FIND("T",B495,FIND("D",B495))-(FIND("D",B495)+1)),"P",",")), IF(ISNUMBER(FIND("CFW5",B495)), VALUE(MID(B495, IF(ISNUMBER(FIND("F",B495)),FIND("F",B495)+1,FIND("G",B495)+1), FIND("T",B495)-(IF(ISNUMBER(FIND("F",B495)),FIND("F",B495)+1,FIND("G",B495)+1)) )), VALUE(MID(B495,FIND("E0",B495)+2,FIND("T",B495,FIND("E0",B495))-(FIND("E0",B495)+2))) ))),"") -> 22 | G495: =IFERROR( IF(ISNUMBER(FIND("T2",B495)),220, IF(ISNUMBER(FIND("T4",B495)),440, IF(ISNUMBER(FIND("T5",B495)),575, IF(ISNUMBER(FIND("T6",B495)),690,"")))), "") -> 690
A496: 16746978 | B496: =VLOOKUP(A496,Planilha2!B:C,2,0) -> INVERSOR BRCFW110017T6ONBYHSZ | C496: F13 | D496: =VLOOKUP(A496,Planilha2!B:H,7,0) -> LINHA M3 | E496: 26000 | F496: =IFERROR( IF(ISNUMBER(FIND("CFW110",B496)), VALUE(MID(B496,FIND("CFW110",B496)+6,FIND("T",B496,FIND("CFW110",B496))-(FIND("CFW110",B496)+6))), IF(ISNUMBER(FIND("D",B496)), VALUE(SUBSTITUTE(MID(B496,FIND("D",B496)+1,FIND("T",B496,FIND("D",B496))-(FIND("D",B496)+1)),"P",",")), IF(ISNUMBER(FIND("CFW5",B496)), VALUE(MID(B496, IF(ISNUMBER(FIND("F",B496)),FIND("F",B496)+1,FIND("G",B496)+1), FIND("T",B496)-(IF(ISNUMBER(FIND("F",B496)),FIND("F",B496)+1,FIND("G",B496)+1)) )), VALUE(MID(B496,FIND("E0",B496)+2,FIND("T",B496,FIND("E0",B496))-(FIND("E0",B496)+2))) ))),"") -> 17 | G496: =IFERROR( IF(ISNUMBER(FIND("T2",B496)),220, IF(ISNUMBER(FIND("T4",B496)),440, IF(ISNUMBER(FIND("T5",B496)),575, IF(ISNUMBER(FIND("T6",B496)),690,"")))), "") -> 690
A497: 16746947 | B497: =VLOOKUP(A497,Planilha2!B:C,2,0) -> INVERSOR BRCFW110012T6ONBYHSZ | C497: F13 | D497: =VLOOKUP(A497,Planilha2!B:H,7,0) -> LINHA M3 | E497: 26000 | F497: =IFERROR( IF(ISNUMBER(FIND("CFW110",B497)), VALUE(MID(B497,FIND("CFW110",B497)+6,FIND("T",B497,FIND("CFW110",B497))-(FIND("CFW110",B497)+6))), IF(ISNUMBER(FIND("D",B497)), VALUE(SUBSTITUTE(MID(B497,FIND("D",B497)+1,FIND("T",B497,FIND("D",B497))-(FIND("D",B497)+1)),"P",",")), IF(ISNUMBER(FIND("CFW5",B497)), VALUE(MID(B497, IF(ISNUMBER(FIND("F",B497)),FIND("F",B497)+1,FIND("G",B497)+1), FIND("T",B497)-(IF(ISNUMBER(FIND("F",B497)),FIND("F",B497)+1,FIND("G",B497)+1)) )), VALUE(MID(B497,FIND("E0",B497)+2,FIND("T",B497,FIND("E0",B497))-(FIND("E0",B497)+2))) ))),"") -> 12 | G497: =IFERROR( IF(ISNUMBER(FIND("T2",B497)),220, IF(ISNUMBER(FIND("T4",B497)),440, IF(ISNUMBER(FIND("T5",B497)),575, IF(ISNUMBER(FIND("T6",B497)),690,"")))), "") -> 690
... A548: 14803485 | B548: =VLOOKUP(A548,Planilha2!B:C,2,0) -> INVERSOR EUCFW110022T6OYWZ | C548: F13 | D548: =VLOOKUP(A548,Planilha2!B:H,7,0) -> LINHA M3 | E548: 25000 | F548: =IFERROR( IF(ISNUMBER(FIND("CFW110",B548)), VALUE(MID(B548,FIND("CFW110",B548)+6,FIND("T",B548,FIND("CFW110",B548))-(FIND("CFW110",B548)+6))), IF(ISNUMBER(FIND("D",B548)), VALUE(SUBSTITUTE(MID(B548,FIND("D",B548)+1,FIND("T",B548,FIND("D",B548))-(FIND("D",B548)+1)),"P",",")), IF(ISNUMBER(FIND("CFW5",B548)), VALUE(MID(B548, IF(ISNUMBER(FIND("F",B548)),FIND("F",B548)+1,FIND("G",B548)+1), FIND("T",B548)-(IF(ISNUMBER(FIND("F",B548)),FIND("F",B548)+1,FIND("G",B548)+1)) )), VALUE(MID(B548,FIND("E0",B548)+2,FIND("T",B548,FIND("E0",B548))-(FIND("E0",B548)+2))) ))),"") -> 22 | G548: =IFERROR( IF(ISNUMBER(FIND("T2",B548)),220, IF(ISNUMBER(FIND("T4",B548)),440, IF(ISNUMBER(FIND("T5",B548)),575, IF(ISNUMBER(FIND("T6",B548)),690,"")))), "") -> 690
A549: 14803482 | B549: =VLOOKUP(A549,Planilha2!B:C,2,0) -> INVERSOR EUCFW110007T6OYWZ | C549: F13 | D549: =VLOOKUP(A549,Planilha2!B:H,7,0) -> LINHA M3 | E549: 0,000 | F549: =IFERROR( IF(ISNUMBER(FIND("CFW110",B549)), VALUE(MID(B549,FIND("CFW110",B549)+6,FIND("T",B549,FIND("CFW110",B549))-(FIND("CFW110",B549)+6))), IF(ISNUMBER(FIND("D",B549)), VALUE(SUBSTITUTE(MID(B549,FIND("D",B549)+1,FIND("T",B549,FIND("D",B549))-(FIND("D",B549)+1)),"P",",")), IF(ISNUMBER(FIND("CFW5",B549)), VALUE(MID(B549, IF(ISNUMBER(FIND("F",B549)),FIND("F",B549)+1,FIND("G",B549)+1), FIND("T",B549)-(IF(ISNUMBER(FIND("F",B549)),FIND("F",B549)+1,FIND("G",B549)+1)) )), VALUE(MID(B549,FIND("E0",B549)+2,FIND("T",B549,FIND("E0",B549))-(FIND("E0",B549)+2))) ))),"") -> 7 | G549: =IFERROR( IF(ISNUMBER(FIND("T2",B549)),220, IF(ISNUMBER(FIND("T4",B549)),440, IF(ISNUMBER(FIND("T5",B549)),575, IF(ISNUMBER(FIND("T6",B549)),690,"")))), "") -> 690
A550: 17329610 | B550: =VLOOKUP(A550,Planilha2!B:C,2,0) -> INVERSOR EUCFW110088T4OFASUZ-UI | C550: F13 | D550: =VLOOKUP(A550,Planilha2!B:H,7,0) -> LINHA M3 | E550: 32600 | F550: =IFERROR( IF(ISNUMBER(FIND("CFW110",B550)), VALUE(MID(B550,FIND("CFW110",B550)+6,FIND("T",B550,FIND("CFW110",B550))-(FIND("CFW110",B550)+6))), IF(ISNUMBER(FIND("D",B550)), VALUE(SUBSTITUTE(MID(B550,FIND("D",B550)+1,FIND("T",B550,FIND("D",B550))-(FIND("D",B550)+1)),"P",",")), IF(ISNUMBER(FIND("CFW5",B550)), VALUE(MID(B550, IF(ISNUMBER(FIND("F",B550)),FIND("F",B550)+1,FIND("G",B550)+1), FIND("T",B550)-(IF(ISNUMBER(FIND("F",B550)),FIND("F",B550)+1,FIND("G",B550)+1)) )), VALUE(MID(B550,FIND("E0",B550)+2,FIND("T",B550,FIND("E0",B550))-(FIND("E0",B550)+2))) ))),"") -> 88 | G550: =IFERROR( IF(ISNUMBER(FIND("T2",B550)),220, IF(ISNUMBER(FIND("T4",B550)),440, IF(ISNUMBER(FIND("T5",B550)),575, IF(ISNUMBER(FIND("T6",B550)),690,"")))), "") -> 440
A551: 17436902 | B551: =VLOOKUP(A551,Planilha2!B:C,2,0) -> INVERSOR EUCFW110032T6OYHASCZ | C551: F13 | D551: =VLOOKUP(A551,Planilha2!B:H,7,0) -> LINHA M3 | E551: 32600 | F551: =IFERROR( IF(ISNUMBER(FIND("CFW110",B551)), VALUE(MID(B551,FIND("CFW110",B551)+6,FIND("T",B551,FIND("CFW110",B551))-(FIND("CFW110",B551)+6))), IF(ISNUMBER(FIND("D",B551)), VALUE(SUBSTITUTE(MID(B551,FIND("D",B551)+1,FIND("T",B551,FIND("D",B551))-(FIND("D",B551)+1)),"P",",")), IF(ISNUMBER(FIND("CFW5",B551)), VALUE(MID(B551, IF(ISNUMBER(FIND("F",B551)),FIND("F",B551)+1,FIND("G",B551)+1), FIND("T",B551)-(IF(ISNUMBER(FIND("F",B551)),FIND("F",B551)+1,FIND("G",B551)+1)) )), VALUE(MID(B551,FIND("E0",B551)+2,FIND("T",B551,FIND("E0",B551))-(FIND("E0",B551)+2))) ))),"") -> 32 | G551: =IFERROR( IF(ISNUMBER(FIND("T2",B551)),220, IF(ISNUMBER(FIND("T4",B551)),440, IF(ISNUMBER(FIND("T5",B551)),575, IF(ISNUMBER(FIND("T6",B551)),690,"")))), "") -> 690
A552: 17411571 | B552: =VLOOKUP(A552,Planilha2!B:C,2,0) -> INVERSOR EUCFW110045T4OFAYSUZ | C552: F13 | D552: =VLOOKUP(A552,Planilha2!B:H,7,0) -> LINHA M1 | E552: 16000 | F552: =IFERROR( IF(ISNUMBER(FIND("CFW110",B552)), VALUE(MID(B552,FIND("CFW110",B552)+6,FIND("T",B552,FIND("CFW110",B552))-(FIND("CFW110",B552)+6))), IF(ISNUMBER(FIND("D",B552)), VALUE(SUBSTITUTE(MID(B552,FIND("D",B552)+1,FIND("T",B552,FIND("D",B552))-(FIND("D",B552)+1)),"P",",")), IF(ISNUMBER(FIND("CFW5",B552)), VALUE(MID(B552, IF(ISNUMBER(FIND("F",B552)),FIND("F",B552)+1,FIND("G",B552)+1), FIND("T",B552)-(IF(ISNUMBER(FIND("F",B552)),FIND("F",B552)+1,FIND("G",B552)+1)) )), VALUE(MID(B552,FIND("E0",B552)+2,FIND("T",B552,FIND("E0",B552))-(FIND("E0",B552)+2))) ))),"") -> 45 | G552: =IFERROR( IF(ISNUMBER(FIND("T2",B552)),220, IF(ISNUMBER(FIND("T4",B552)),440, IF(ISNUMBER(FIND("T5",B552)),575, IF(ISNUMBER(FIND("T6",B552)),690,"")))), "") -> 440
A553: 17412023 | B553: =VLOOKUP(A553,Planilha2!B:C,2,0) -> INVERSOR EUCFW110058T4OFAYSUZ | C553: F13 | D553: =VLOOKUP(A553,Planilha2!B:H,7,0) -> LINHA M1 | E553: 18000 | F553: =IFERROR( IF(ISNUMBER(FIND("CFW110",B553)), VALUE(MID(B553,FIND("CFW110",B553)+6,FIND("T",B553,FIND("CFW110",B553))-(FIND("CFW110",B553)+6))), IF(ISNUMBER(FIND("D",B553)), VALUE(SUBSTITUTE(MID(B553,FIND("D",B553)+1,FIND("T",B553,FIND("D",B553))-(FIND("D",B553)+1)),"P",",")), IF(ISNUMBER(FIND("CFW5",B553)), VALUE(MID(B553, IF(ISNUMBER(FIND("F",B553)),FIND("F",B553)+1,FIND("G",B553)+1), FIND("T",B553)-(IF(ISNUMBER(FIND("F",B553)),FIND("F",B553)+1,FIND("G",B553)+1)) )), VALUE(MID(B553,FIND("E0",B553)+2,FIND("T",B553,FIND("E0",B553))-(FIND("E0",B553)+2))) ))),"") -> 58 | G553: =IFERROR( IF(ISNUMBER(FIND("T2",B553)),220, IF(ISNUMBER(FIND("T4",B553)),440, IF(ISNUMBER(FIND("T5",B553)),575, IF(ISNUMBER(FIND("T6",B553)),690,"")))), "") -> 440
A554: 17412024 | B554: =VLOOKUP(A554,Planilha2!B:C,2,0) -> INVERSOR EUCFW110070T4OFAYSUZ | C554: F13 | D554: =VLOOKUP(A554,Planilha2!B:H,7,0) -> LINHA M3 | E554: 31100 | F554: =IFERROR( IF(ISNUMBER(FIND("CFW110",B554)), VALUE(MID(B554,FIND("CFW110",B554)+6,FIND("T",B554,FIND("CFW110",B554))-(FIND("CFW110",B554)+6))), IF(ISNUMBER(FIND("D",B554)), VALUE(SUBSTITUTE(MID(B554,FIND("D",B554)+1,FIND("T",B554,FIND("D",B554))-(FIND("D",B554)+1)),"P",",")), IF(ISNUMBER(FIND("CFW5",B554)), VALUE(MID(B554, IF(ISNUMBER(FIND("F",B554)),FIND("F",B554)+1,FIND("G",B554)+1), FIND("T",B554)-(IF(ISNUMBER(FIND("F",B554)),FIND("F",B554)+1,FIND("G",B554)+1)) )), VALUE(MID(B554,FIND("E0",B554)+2,FIND("T",B554,FIND("E0",B554))-(FIND("E0",B554)+2))) ))),"") -> 70 | G554: =IFERROR( IF(ISNUMBER(FIND("T2",B554)),220, IF(ISNUMBER(FIND("T4",B554)),440, IF(ISNUMBER(FIND("T5",B554)),575, IF(ISNUMBER(FIND("T6",B554)),690,"")))), "") -> 440
A555: 17412026 | B555: =VLOOKUP(A555,Planilha2!B:C,2,0) -> INVERSOR EUCFW110088T4OFAYSUZ | C555: F13 | D555: =VLOOKUP(A555,Planilha2!B:H,7,0) -> LINHA M3 | E555: 31100 | F555: =IFERROR( IF(ISNUMBER(FIND("CFW110",B555)), VALUE(MID(B555,FIND("CFW110",B555)+6,FIND("T",B555,FIND("CFW110",B555))-(FIND("CFW110",B555)+6))), IF(ISNUMBER(FIND("D",B555)), VALUE(SUBSTITUTE(MID(B555,FIND("D",B555)+1,FIND("T",B555,FIND("D",B555))-(FIND("D",B555)+1)),"P",",")), IF(ISNUMBER(FIND("CFW5",B555)), VALUE(MID(B555, IF(ISNUMBER(FIND("F",B555)),FIND("F",B555)+1,FIND("G",B555)+1), FIND("T",B555)-(IF(ISNUMBER(FIND("F",B555)),FIND("F",B555)+1,FIND("G",B555)+1)) )), VALUE(MID(B555,FIND("E0",B555)+2,FIND("T",B555,FIND("E0",B555))-(FIND("E0",B555)+2))) ))),"") -> 88 | G555: =IFERROR( IF(ISNUMBER(FIND("T2",B555)),220, IF(ISNUMBER(FIND("T4",B555)),440, IF(ISNUMBER(FIND("T5",B555)),575, IF(ISNUMBER(FIND("T6",B555)),690,"")))), "") -> 440
A556: 17412192 | B556: =VLOOKUP(A556,Planilha2!B:C,2,0) -> INVERSOR EUCFW110038T4OFAYSUZ | C556: F13 | D556: =VLOOKUP(A556,Planilha2!B:H,7,0) -> LINHA M1 | E556: 18000 | F556: =IFERROR( IF(ISNUMBER(FIND("CFW110",B556)), VALUE(MID(B556,FIND("CFW110",B556)+6,FIND("T",B556,FIND("CFW110",B556))-(FIND("CFW110",B556)+6))), IF(ISNUMBER(FIND("D",B556)), VALUE(SUBSTITUTE(MID(B556,FIND("D",B556)+1,FIND("T",B556,FIND("D",B556))-(FIND("D",B556)+1)),"P",",")), IF(ISNUMBER(FIND("CFW5",B556)), VALUE(MID(B556, IF(ISNUMBER(FIND("F",B556)),FIND("F",B556)+1,FIND("G",B556)+1), FIND("T",B556)-(IF(ISNUMBER(FIND("F",B556)),FIND("F",B556)+1,FIND("G",B556)+1)) )), VALUE(MID(B556,FIND("E0",B556)+2,FIND("T",B556,FIND("E0",B556))-(FIND("E0",B556)+2))) ))),"") -> 38 | G556: =IFERROR( IF(ISNUMBER(FIND("T2",B556)),220, IF(ISNUMBER(FIND("T4",B556)),440, IF(ISNUMBER(FIND("T5",B556)),575, IF(ISNUMBER(FIND("T6",B556)),690,"")))), "") -> 440
A557: 17416361 | B557: =VLOOKUP(A557,Planilha2!B:C,2,0) -> INVERSOR EUCFW110088T4OFAYSUZ-UI | C557: F13 | D557: =VLOOKUP(A557,Planilha2!B:H,7,0) -> LINHA M3 | E557: 31100 | F557: =IFERROR( IF(ISNUMBER(FIND("CFW110",B557)), VALUE(MID(B557,FIND("CFW110",B557)+6,FIND("T",B557,FIND("CFW110",B557))-(FIND("CFW110",B557)+6))), IF(ISNUMBER(FIND("D",B557)), VALUE(SUBSTITUTE(MID(B557,FIND("D",B557)+1,FIND("T",B557,FIND("D",B557))-(FIND("D",B557)+1)),"P",",")), IF(ISNUMBER(FIND("CFW5",B557)), VALUE(MID(B557, IF(ISNUMBER(FIND("F",B557)),FIND("F",B557)+1,FIND("G",B557)+1), FIND("T",B557)-(IF(ISNUMBER(FIND("F",B557)),FIND("F",B557)+1,FIND("G",B557)+1)) )), VALUE(MID(B557,FIND("E0",B557)+2,FIND("T",B557,FIND("E0",B557))-(FIND("E0",B557)+2))) ))),"") -> 88 | G557: =IFERROR( IF(ISNUMBER(FIND("T2",B557)),220, IF(ISNUMBER(FIND("T4",B557)),440, IF(ISNUMBER(FIND("T5",B557)),575, IF(ISNUMBER(FIND("T6",B557)),690,"")))), "") -> 440
A558: 17416552 | B558: =VLOOKUP(A558,Planilha2!B:C,2,0) -> INVERSOR EUCFW110070T4OFAYSUZ-UI | C558: F13 | D558: =VLOOKUP(A558,Planilha2!B:H,7,0) -> LINHA M3 | E558: 31100 | F558: =IFERROR( IF(ISNUMBER(FIND("CFW110",B558)), VALUE(MID(B558,FIND("CFW110",B558)+6,FIND("T",B558,FIND("CFW110",B558))-(FIND("CFW110",B558)+6))), IF(ISNUMBER(FIND("D",B558)), VALUE(SUBSTITUTE(MID(B558,FIND("D",B558)+1,FIND("T",B558,FIND("D",B558))-(FIND("D",B558)+1)),"P",",")), IF(ISNUMBER(FIND("CFW5",B558)), VALUE(MID(B558, IF(ISNUMBER(FIND("F",B558)),FIND("F",B558)+1,FIND("G",B558)+1), FIND("T",B558)-(IF(ISNUMBER(FIND("F",B558)),FIND("F",B558)+1,FIND("G",B558)+1)) )), VALUE(MID(B558,FIND("E0",B558)+2,FIND("T",B558,FIND("E0",B558))-(FIND("E0",B558)+2))) ))),"") -> 70 | G558: =IFERROR( IF(ISNUMBER(FIND("T2",B558)),220, IF(ISNUMBER(FIND("T4",B558)),440, IF(ISNUMBER(FIND("T5",B558)),575, IF(ISNUMBER(FIND("T6",B558)),690,"")))), "") -> 440
A559: 17458690 | B559: =VLOOKUP(A559,Planilha2!B:C,2,0) -> INVERSOR CFW900D0146T4NB20Y2B-UI | C559: F13 | D559: =VLOOKUP(A559,Planilha2!B:H,7,0) -> LINHA G1 | E559: 33500 | F559: =IFERROR( IF(ISNUMBER(FIND("CFW110",B559)), VALUE(MID(B559,FIND("CFW110",B559)+6,FIND("T",B559,FIND("CFW110",B559))-(FIND("CFW110",B559)+6))), IF(ISNUMBER(FIND("D",B559)), VALUE(SUBSTITUTE(MID(B559,FIND("D",B559)+1,FIND("T",B559,FIND("D",B559))-(FIND("D",B559)+1)),"P",",")), IF(ISNUMBER(FIND("CFW5",B559)), VALUE(MID(B559, IF(ISNUMBER(FIND("F",B559)),FIND("F",B559)+1,FIND("G",B559)+1), FIND("T",B559)-(IF(ISNUMBER(FIND("F",B559)),FIND("F",B559)+1,FIND("G",B559)+1)) )), VALUE(MID(B559,FIND("E0",B559)+2,FIND("T",B559,FIND("E0",B559))-(FIND("E0",B559)+2))) ))),"") -> 146 | G559: =IFERROR( IF(ISNUMBER(FIND("T2",B559)),220, IF(ISNUMBER(FIND("T4",B559)),440, IF(ISNUMBER(FIND("T5",B559)),575, IF(ISNUMBER(FIND("T6",B559)),690,"")))), "") -> 440
A560: 17458688 | B560: =VLOOKUP(A560,Planilha2!B:C,2,0) -> INVERSOR CFW900D96P0T4NB20Y2B-UI | C560: F13 | D560: =VLOOKUP(A560,Planilha2!B:H,7,0) -> LINHA G1 | E560: 33500 | F560: =IFERROR( IF(ISNUMBER(FIND("CFW110",B560)), VALUE(MID(B560,FIND("CFW110",B560)+6,FIND("T",B560,FIND("CFW110",B560))-(FIND("CFW110",B560)+6))), IF(ISNUMBER(FIND("D",B560)), VALUE(SUBSTITUTE(MID(B560,FIND("D",B560)+1,FIND("T",B560,FIND("D",B560))-(FIND("D",B560)+1)),"P",",")), IF(ISNUMBER(FIND("CFW5",B560)), VALUE(MID(B560, IF(ISNUMBER(FIND("F",B560)),FIND("F",B560)+1,FIND("G",B560)+1), FIND("T",B560)-(IF(ISNUMBER(FIND("F",B560)),FIND("F",B560)+1,FIND("G",B560)+1)) )), VALUE(MID(B560,FIND("E0",B560)+2,FIND("T",B560,FIND("E0",B560))-(FIND("E0",B560)+2))) ))),"") -> 96 | G560: =IFERROR( IF(ISNUMBER(FIND("T2",B560)),220, IF(ISNUMBER(FIND("T4",B560)),440, IF(ISNUMBER(FIND("T5",B560)),575, IF(ISNUMBER(FIND("T6",B560)),690,"")))), "") -> 440
...

Sheet Planilha2
A1: Cen. | B1: Material | C1: TxtBreveMaterial | D1: TMat | E1: Dpst | F1: DpSuE | G1: PlMRP | H1: Nome | I1: R | J1: SuE | K1: Perfil | L1: Estq.segurança | M1: TipSupr. | N1: L | O1: TamanhMínLot | P1: Tam.máx.lote | Q1: ValArredond.
A2: 1320 | B2: 10193860 | C2: INVERSOR BRCFW110045T2SZ | D2: FERT | E2: FA01 | F2: FA01 | G2: 072 | H2: LINHA M1 | K2: ZWEG | L2: 0 | M2: E | O2: 1 | P2: 4 | Q2: 1
A3: 1320 | B3: 10193861 | C3: INVERSOR BRCFW110054T2SZ | D3: FERT | E3: FA01 | F3: FA01 | G3: 072 | H3: LINHA M1 | K3: ZWEG | L3: 0 | M3: E | O3: 1 | P3: 4 | Q3: 1
A4: 1320 | B4: 10193862 | C4: INVERSOR BRCFW110070T2SZ | D4: FERT | E4: FA01 | F4: FA01 | G4: 072 | H4: LINHA M1 | K4: ZWEG | L4: 0 | M4: E | O4: 1 | P4: 4 | Q4: 1
A5: 1320 | B5: 10193863 | C5: INVERSOR BRCFW110013T4SZ | D5: FERT | E5: FA01 | F5: FA01 | G5: 051 | H5: LINHA P5 | K5: ZWEG | L5: 0 | M5: E | O5: 1 | P5: 8 | Q5: 1
A6: 1320 | B6: 10193864 | C6: INVERSOR BRCFW110038T4SZ | D6: FERT | E6: FA01 | F6: FA01 | G6: 072 | H6: LINHA M1 | K6: ZWEG | L6: 0 | M6: E | O6: 1 | P6: 4 | Q6: 1
A7: 1320 | B7: 10193865 | C7: INVERSOR BRCFW110045T4SZ | D7: FERT | E7: FA01 | F7: FA01 | G7: 072 | H7: LINHA M1 | K7: ZWEG | L7: 0 | M7: E | O7: 1 | P7: 4 | Q7: 1
A8: 1320 | B8: 10193866 | C8: INVERSOR BRCFW110058T4SZ | D8: FERT | E8: FA01 | F8: FA01 | G8: 072 | H8: LINHA M1 | K8: ZWEG | L8: 0 | M8: E | O8: 1 | P8: 4 | Q8: 1
A9: 1320 | B9: 10193867 | C9: INVERSOR BRCFW110070T4SZ | D9: FERT | E9: FA01 | F9: FA01 | G9: 073 | H9: LINHA M3 | K9: ZWEG | L9: 0 | M9: E | O9: 1 | P9: 10 | Q9: 1
A10: 1320 | B10: 10193868 | C10: INVERSOR BRCFW110088T4SZ | D10: FERT | E10: FA01 | F10: FA01 | G10: 073 | H10: LINHA M3 | K10: ZWEG | L10: 0 | M10: E | O10: 1 | P10: 10 | Q10: 1
A11: 1320 | B11: 10193872 | C11: INVERSOR BRCFW110070T2OFAZ | D11: FERT | E11: FA01 | F11: FA01 | G11: 072 | H11: LINHA M1 | K11: ZWEG | L11: 0 | M11: E | O11: 1 | P11: 4 | Q11: 1
A12: 1320 | B12: 10193873 | C12: INVERSOR BRCFW110013T4OFAZ | D12: FERT | E12: FA01 | F12: FA01 | G12: 051 | H12: LINHA P5 | K12: ZWEG | L12: 0 | M12: E | O12: 1 | P12: 8 | Q12: 1
A13: 1320 | B13: 10193874 | C13: INVERSOR BRCFW110031T4OFAZ | D13: FERT | E13: FA01 | F13: FA01 | G13: 071 | H13: LINHA P7 | K13: ZWEG | L13: 0 | M13: E | O13: 1 | P13: 8 | Q13: 1
... A2076: 1320 | B2076: 14821623 | C2076: INVERSOR BRCFW110088T4OSSZ | D2076: FERT | E2076: FA01 | F2076: FA01 | G2076: 073 | H2076: LINHA M3 | K2076: ZWEG | L2076: 0 | M2076: E | O2076: 1 | P2076: 10 | Q2076: 1
A2077: 1320 | B2077: 14837150 | C2077: INVERSOR BRCFW110024T2OFAECZ | D2077: FERT | E2077: FA01 | G2077: 071 | H2077: LINHA P7 | K2077: ZWEG | L2077: 0 | M2077: E | O2077: 1 | P2077: 8 | Q2077: 1
A2078: 1320 | B2078: 14837152 | C2078: INVERSOR BRCFW110033T2OFAECZ | D2078: FERT | E2078: FA01 | G2078: 071 | H2078: LINHA P7 | K2078: ZWEG | L2078: 0 | M2078: E | O2078: 0 | P2078: 8 | Q2078: 1
A2079: 1320 | B2079: 14837153 | C2079: INVERSOR BRCFW110070T2OFAECZ | D2079: FERT | E2079: FA01 | G2079: 072 | H2079: LINHA M1 | K2079: ZWEG | L2079: 0 | M2079: E | O2079: 0 | P2079: 3 | Q2079: 0
A2080: 1320 | B2080: 14837156 | C2080: INVERSOR BRCFW110105T2OFAECZ | D2080: FERT | E2080: FA01 | G2080: 073 | H2080: LINHA M3 | K2080: ZWEG | L2080: 0 | M2080: E | O2080: 0 | P2080: 10 | Q2080: 0
A2081: 1320 | B2081: 14837157 | C2081: INVERSOR BRCFW110180T2OECZ | D2081: FERT | E2081: FA01 | G2081: 083 | H2081: LINHA G1 | K2081: ZWEG | L2081: 0 | M2081: E | O2081: 1 | P2081: 2 | Q2081: 1
A2082: 1320 | B2082: 14837178 | C2082: INVERSOR BRCFW110142T2OECZ | D2082: FERT | E2082: FA01 | G2082: 083 | H2082: LINHA G1 | K2082: ZWEG | L2082: 0 | M2082: E | O2082: 1 | P2082: 2 | Q2082: 1
A2083: 1320 | B2083: 14837179 | C2083: INVERSOR BRCFW110142T4OECZ | D2083: FERT | E2083: FA01 | G2083: 083 | H2083: LINHA G1 | K2083: ZWEG | L2083: 0 | M2083: E | O2083: 1 | P2083: 2 | Q2083: 1
A2084: 1320 | B2084: 14837180 | C2084: INVERSOR BRCFW110054T2OFAECZ | D2084: FERT | E2084: FA01 | G2084: 072 | H2084: LINHA M1 | K2084: ZWEG | L2084: 0 | M2084: E | O2084: 0 | P2084: 4 | Q2084: 0
A2085: 1320 | B2085: 14837185 | C2085: INVERSOR BRCFW110086T2OFAECZ | D2085: FERT | E2085: FA01 | G2085: 073 | H2085: LINHA M3 | K2085: ZWEG | L2085: 0 | M2085: E | O2085: 0 | P2085: 10 | Q2085: 0
A2086: 1320 | B2086: 14837186 | C2086: INVERSOR BRCFW110058T4OFAECZ | D2086: FERT | E2086: FA01 | G2086: 072 | H2086: LINHA M1 | K2086: ZWEG | L2086: 0 | M2086: E | O2086: 0 | P2086: 4 | Q2086: 0
A2087: 1320 | B2087: 14837218 | C2087: INVERSOR BRCFW110017T4OFAECZ | D2087: FERT | E2087: FA01 | G2087: 071 | H2087: LINHA P7 | K2087: ZWEG | L2087: 0 | M2087: E | O2087: 0 | P2087: 8 | Q2087: 1
A2088: 1320 | B2088: 14837222 | C2088: INVERSOR BRCFW110038T4OFAECZ | D2088: FERT | E2088: FA01 | G2088: 072 | H2088: LINHA M1 | K2088: ZWEG | L2088: 0 | M2088: E | O2088: 0 | P2088: 4 | Q2088: 0
... A2098: 1320 | B2098: 14882241 | C2098: INVERSOR MSCFW110070T4OFAZ-UI | D2098: HALB | E2098: FA01 | G2098: 073 | H2098: LINHA M3 | K2098: ZWEG | L2098: 0 | M2098: E | O2098: 1 | P2098: 10 | Q2098: 1
A2099: 1320 | B2099: 14888368 | C2099: INVERSOR CFW701A07P0T2DB20C3W1 | D2099: FERT | E2099: FA01 | F2099: FA01 | G2099: 033 | H2099: OBSOLETOS DRIVES | K2099: ZWEG | L2099: 0 | M2099: E | O2099: 1 | P2099: 8 | Q2099: 0
A2100: 1320 | B2100: 14896291 | C2100: INVERSOR BRCFW110058T4OYSKZ | D2100: FERT | E2100: FA01 | F2100: FA01 | G2100: 072 | H2100: LINHA M1 | K2100: ZWEG | L2100: 0 | M2100: E | O2100: 1 | P2100: 4 | Q2100: 1
A2101: 1320 | B2101: 14914236 | C2101: INVERSOR MSCFW110211T4ORBWSQZ | D2101: FERT | E2101: FA01 | G2101: 083 | H2101: LINHA G1 | K2101: ZWEG | L2101: 0 | M2101: E | O2101: 1 | P2101: 1 | Q2101: 1
A2102: 1320 | B2102: 14914273 | C2102: INVERSOR MSCFW110370T4ORBWSQZ | D2102: FERT | E2102: FA01 | G2102: 082 | H2102: LINHA G3 | K2102: ZWEG | L2102: 0 | M2102: E | O2102: 1 | P2102: 2 | Q2102: 1
A2103: 1320 | B2103: 14922220 | C2103: INVERSOR EUCFW110088T4OFAYWZ-UI | D2103: HALB | E2103: FA01 | G2103: 073 | H2103: LINHA M3 | K2103: ZWEG | L2103: 0 | M2103: E | O2103: 0 | P2103: 10 | Q2103: 0
A2104: 1320 | B2104: 14922311 | C2104: INVERSOR EUCFW110105T4OYWZ-UI | D2104: HALB | E2104: FA01 | G2104: 083 | H2104: LINHA G1 | K2104: ZWEG | L2104: 0 | M2104: E | O2104: 1 | P2104: 3 | Q2104: 1
A2105: 1320 | B2105: 14922376 | C2105: INVERSOR CFW500F77P0T4DB20H00 | D2105: FERT | E2105: FA01 | G2105: 033 | H2105: OBSOLETOS DRIVES | K2105: ZWEG | L2105: 0 | M2105: E | O2105: 1 | P2105: 8 | Q2105: 1
A2106: 1320 | B2106: 14922377 | C2106: INVERSOR CFW500F77P0T4DB20C3H00 | D2106: FERT | E2106: FA01 | G2106: 033 | H2106: OBSOLETOS DRIVES | K2106: ZWEG | L2106: 0 | M2106: E | O2106: 1 | P2106: 8 | Q2106: 1
A2107: 1320 | B2107: 14922480 | C2107: INVERSOR CFW500F88P0T4DB20H00 | D2107: FERT | E2107: FA01 | G2107: 033 | H2107: OBSOLETOS DRIVES | K2107: ZWEG | L2107: 0 | M2107: E | O2107: 1 | P2107: 8 | Q2107: 1
A2108: 1320 | B2108: 14922486 | C2108: INVERSOR CFW500F0105T4DB20H00 | D2108: FERT | E2108: FA01 | G2108: 033 | H2108: OBSOLETOS DRIVES | K2108: ZWEG | L2108: 0 | M2108: E | O2108: 1 | P2108: 8 | Q2108: 1
A2109: 1320 | B2109: 14941830 | C2109: INVERSOR EUCFW110107T6OYWZ-UI | D2109: HALB | E2109: FA01 | F2109: FA01 | G2109: 083 | H2109: LINHA G1 | K2109: ZWEG | L2109: 0 | M2109: E | O2109: 1 | P2109: 3 | Q2109: 1
A2110: 1320 | B2110: 14949606 | C2110: INVERSOR CFW700E0180T4NB55C3Y1 | D2110: FERT | E2110: FA01 | F2110: FA01 | G2110: 033 | H2110: OBSOLETOS DRIVES | K2110: ZWEG | L2110: 0 | M2110: E | O2110: 0 | P2110: 1 | Q2110: 0
A2111: 1320 | B2111: 14953012 | C2111: INVERSOR MSCFW110211T4OWH2DCZ-UI | D2111: HALB | E2111: FA01 | F2111: FA01 | G2111: 083 | H2111: LINHA G1 | K2111: ZWEG | L2111: 0 | M2111: E | O2111: 0 | P2111: 3 | Q2111: 0
A2112: 1320 | B2112: 14969086 | C2112: INVERSOR CFW700E0180T4DB55C3DS | D2112: FERT | E2112: FA01 | F2112: FA01 | G2112: 033 | H2112: OBSOLETOS DRIVES | K2112: ZWEG | L2112: 0 | M2112: E | O2112: 1 | P2112: 1 | Q2112: 1
A2113: 1320 | B2113: 14975384 | C2113: INVERSOR CFW700E0105T4DB55C3DS | D2113: FERT | E2113: FA01 | F2113: FA01 | G2113: 033 | H2113: OBSOLETOS DRIVES | K2113: ZWEG | L2113: 0 | M2113: E | O2113: 1 | P2113: 1 | Q2113: 1
A2114: 1320 | B2114: 14979897 | C2114: INVERSOR EUCFW110211T4OYWZ-UI | D2114: HALB | E2114: FA01 | F2114: FA01 | G2114: 083 | H2114: LINHA G1 | K2114: ZWEG | L2114: 0 | M2114: E | O2114: 0 | P2114: 3 | Q2114: 0
A2115: 1320 | B2115: 14995270 | C2115: INVERSOR BRCFW110045T4OFAYWZ | D2115: FERT | E2115: FA01 | F2115: FA01 | G2115: 072 | H2115: LINHA M1 | K2115: ZWEG | L2115: 0 | M2115: E | O2115: 1 | P2115: 4 | Q2115: 1
A2116: 1320 | B2116: 14995485 | C2116: INVERSOR EUCFW110010T4OFAYWSUZ | D2116: FERT | E2116: FA01 | F2116: FA01 | G2116: 051 | H2116: LINHA P5 | K2116: ZWEG | L2116: 0 | M2116: E | O2116: 1 | P2116: 8 | Q2116: 0
A2117: 1320 | B2117: 14995487 | C2117: INVERSOR EUCFW110013T4OFAYWSUZ | D2117: FERT | E2117: FA01 | F2117: FA01 | G2117: 051 | H2117: LINHA P5 | K2117: ZWEG | L2117: 0 | M2117: E | O2117: 1 | P2117: 8 | Q2117: 0
A2118: 1320 | B2118: 14995659 | C2118: INVERSOR EUCFW110017T4OFAYWSUZ | D2118: FERT | E2118: FA01 | F2118: FA01 | G2118: 071 | H2118: LINHA P7 | K2118: ZWEG | L2118: 0 | M2118: E | O2118: 0 | P2118: 8 | Q2118: 1
A2119: 1320 | B2119: 14995661 | C2119: INVERSOR EUCFW110024T4OFAYWSUZ | D2119: FERT | E2119: FA01 | F2119: FA01 | G2119: 071 | H2119: LINHA P7 | K2119: ZWEG | L2119: 0 | M2119: E | O2119: 0 | P2119: 8 | Q2119: 1
A2120: 1320 | B2120: 14995663 | C2120: INVERSOR EUCFW110038T4OFAYWSUZ | D2120: FERT | E2120: FA01 | F2120: FA01 | G2120: 072 | H2120: LINHA M1 | K2120: ZWEG | L2120: 0 | M2120: E | O2120: 1 | P2120: 4 | Q2120: 1
... A2205: 1320 | B2205: 15253951 | C2205: INVERSOR BRCFW110088T4OWECZ | D2205: FERT | E2205: FA01 | F2205: FA01 | G2205: 073 | H2205: LINHA M3 | K2205: ZWEG | L2205: 0 | M2205: E | O2205: 1 | P2205: 10 | Q2205: 1
A2206: 1320 | B2206: 15324519 | C2206: INVERSOR MPW090016T3848G2Z | D2206: FERT | E2206: FA01 | G2206: 095 | H2206: LINHA P4 | K2206: ZWEG | L2206: 0 | M2206: E | O2206: 1 | P2206: 16 | Q2206: 1
A2207: 1320 | B2207: 15324524 | C2207: INVERSOR MPW090030T3848G2Z | D2207: FERT | E2207: FA01 | G2207: 072 | H2207: LINHA M1 | K2207: ZWEG | L2207: 0 | M2207: E | O2207: 1 | P2207: 4 | Q2207: 1
A2208: 1320 | B2208: 15326344 | C2208: INVERSOR BRCFW110038T4OWECZ | D2208: FERT | E2208: FA01 | F2208: FA01 | G2208: 072 | H2208: LINHA M1 | K2208: ZWEG | L2208: 0 | M2208: E | O2208: 0 | P2208: 4 | Q2208: 0
A2209: 1320 | B2209: 15329102 | C2209: INVERSOR MPW090024T2223G2Z | D2209: FERT | E2209: FA01 | G2209: 095 | H2209: LINHA P4 | K2209: ZWEG | L2209: 0 | M2209: E | O2209: 1 | P2209: 16 | Q2209: 0
A2210: 1320 | B2210: 15329103 | C2210: INVERSOR MPW090028T2223G2Z | D2210: FERT | E2210: FA01 | G2210: 095 | H2210: LINHA P4 | K2210: ZWEG | L2210: 0 | M2210: E | O2210: 1 | P2210: 16 | Q2210: 0
A2211: 1320 | B2211: 15329105 | C2211: INVERSOR MPW090033T2223G2Z | D2211: FERT | E2211: FA01 | G2211: 095 | H2211: LINHA P4 | K2211: ZWEG | L2211: 0 | M2211: E | O2211: 1 | P2211: 16 | Q2211: 0
A2212: 1320 | B2212: 15329107 | C2212: INVERSOR MPW090045T2223G2Z | D2212: FERT | E2212: FA01 | G2212: 072 | H2212: LINHA M1 | K2212: ZWEG | L2212: 0 | M2212: E | O2212: 2 | P2212: 4 | Q2212: 0
A2213: 1320 | B2213: 15329268 | C2213: INVERSOR MPW090060T3848G2Z | D2213: FERT | E2213: FA01 | G2213: 012 | H2213: LINHA E1 | K2213: ZWEG | L2213: 0 | M2213: E | O2213: 1 | P2213: 3 | Q2213: 1
A2214: 1320 | B2214: 15329271 | C2214: INVERSOR MPW090086T3848G2Z | D2214: FERT | E2214: FA01 | G2214: 012 | H2214: LINHA E1 | K2214: ZWEG | L2214: 0 | M2214: E | O2214: 1 | P2214: 3 | Q2214: 1
A2215: 1320 | B2215: 15329272 | C2215: INVERSOR MPW090142T3848G2H1Z | D2215: FERT | E2215: FA01 | G2215: 012 | H2215: LINHA E1 | K2215: ZWEG | L2215: 0 | M2215: E | O2215: 1 | P2215: 3 | Q2215: 1
A2216: 1320 | B2216: 15338075 | C2216: INVERSOR BRCFW110180T4O55DSSMZ | D2216: FERT | E2216: FA01 | F2216: FA01 | G2216: 012 | H2216: LINHA E1 | K2216: ZWEG | L2216: 0 | M2216: E | O2216: 1 | P2216: 1 | Q2216: 1
A2217: 1320 | B2217: 15341665 | C2217: INVERSOR CFW500F77P0T4DB20H01SA | D2217: FERT | E2217: FA01 | F2217: FA01 | G2217: 073 | H2217: LINHA M3 | K2217: ZWEG | L2217: 0 | M2217: E | O2217: 0 | P2217: 8 | Q2217: 0
A2218: 1320 | B2218: 15342437 | C2218: INVERSOR CFW500F77P0T2DB20G2 | D2218: FERT | E2218: FA01 | F2218: FA01 | G2218: 073 | H2218: LINHA M3 | K2218: ZWEG | L2218: 0 | M2218: E | O2218: 0 | P2218: 8 | Q2218: 0
A2219: 1320 | B2219: 15342628 | C2219: INVERSOR CFW500F77P0T2DB20C3G2 | D2219: FERT | E2219: FA01 | F2219: FA01 | G2219: 073 | H2219: LINHA M3 | K2219: ZWEG | L2219: 0 | M2219: E | O2219: 0 | P2219: 8 | Q2219: 0
A2220: 1320 | B2220: 15342630 | C2220: INVERSOR CFW500F77P0T2DB20C3H00G2 | D2220: FERT | E2220: FA01 | F2220: FA01 | G2220: 073 | H2220: LINHA M3 | K2220: ZWEG | L2220: 0 | M2220: E | O2220: 0 | P2220: 8 | Q2220: 0
A2221: 1320 | B2221: 15342637 | C2221: INVERSOR CFW500F77P0T2DB20H00G2 | D2221: FERT | E2221: FA01 | F2221: FA01 | G2221: 073 | H2221: LINHA M3 | K2221: ZWEG | L2221: 0 | M2221: E | O2221: 0 | P2221: 8 | Q2221: 0
A2222: 1320 | B2222: 15342758 | C2222: INVERSOR CFW500F77P0T2DB20H01SA | D2222: FERT | E2222: FA01 | F2222: FA01 | G2222: 073 | H2222: LINHA M3 | K2222: ZWEG | L2222: 0 | M2222: E | O2222: 0 | P2222: 8 | Q2222: 0
A2223: 1320 | B2223: 15342760 | C2223: INVERSOR CFW500F88P0T2DB20G2 | D2223: FERT | E2223: FA01 | F2223: FA01 | G2223: 073 | H2223: LINHA M3 | K2223: ZWEG | L2223: 0 | M2223: E | O2223: 0 | P2223: 8 | Q2223: 0
A2224: 1320 | B2224: 15342761 | C2224: INVERSOR CFW500F88P0T2DB20C3G2 | D2224: FERT | E2224: FA01 | F2224: FA01 | G2224: 073 | H2224: LINHA M3 | K2224: ZWEG | L2224: 0 | M2224: E | O2224: 0 | P2224: 8 | Q2224: 0
A2225: 1320 | B2225: 15342762 | C2225: INVERSOR CFW500F88P0T2DB20C3H00G2 | D2225: FERT | E2225: FA01 | F2225: FA01 | G2225: 073 | H2225: LINHA M3 | K2225: ZWEG | L2225: 0 | M2225: E | O2225: 0 | P2225: 8 | Q2225: 0
A2226: 1320 | B2226: 15342764 | C2226: INVERSOR CFW500F88P0T2DB20H00G2 | D2226: FERT | E2226: FA01 | F2226: FA01 | G2226: 073 | H2226: LINHA M3 | K2226: ZWEG | L2226: 0 | M2226: E | O2226: 0 | P2226: 8 | Q2226: 0
A2227: 1320 | B2227: 15342765 | C2227: INVERSOR CFW500F88P0T2DB20H01SA | D2227: FERT | E2227: FA01 | F2227: FA01 | G2227: 073 | H2227: LINHA M3 | K2227: ZWEG | L2227: 0 | M2227: E | O2227: 0 | P2227: 8 | Q2227: 0
... A2234: 1320 | B2234: 15348877 | C2234: INVERSOR BRCFW110142T4ODBH4SPZ | D2234: FERT | E2234: FA01 | F2234: FA01 | G2234: 083 | H2234: LINHA G1 | K2234: ZWEG | L2234: 0 | M2234: E | O2234: 0 | P2234: 2 | Q2234: 0
A2235: 1320 | B2235: 15352478 | C2235: INVERSOR MPW090060T3848G2H1Z | D2235: FERT | E2235: FA01 | G2235: 012 | H2235: LINHA E1 | K2235: ZWEG | L2235: 0 | M2235: E | O2235: 1 | P2235: 3 | Q2235: 1
A2236: 1320 | B2236: 15352601 | C2236: INVERSOR MPW090086T3848G2H1Z | D2236: FERT | E2236: FA01 | G2236: 101 | H2236: PROD. EM LPS/LP | K2236: ZWEG | L2236: 0 | M2236: E | O2236: 1 | P2236: 3 | Q2236: 1
A2237: 1320 | B2237: 15352603 | C2237: INVERSOR MPW090045T3848G2H1Z | D2237: FERT | E2237: FA01 | G2237: 072 | H2237: LINHA M1 | K2237: ZWEG | L2237: 0 | M2237: E | O2237: 1 | P2237: 9 | Q2237: 1
A2238: 1320 | B2238: 15354734 | C2238: INVERSOR BRCFW110002T6OYHSZ | D2238: FERT | E2238: FA01 | F2238: FA01 | G2238: 073 | H2238: LINHA M3 | K2238: ZWEG | L2238: 0 | M2238: E | O2238: 0 | P2238: 10 | Q2238: 0
A2239: 1320 | B2239: 15354735 | C2239: INVERSOR BRCFW110004T6OYHSZ | D2239: FERT | E2239: FA01 | F2239: FA01 | G2239: 073 | H2239: LINHA M3 | K2239: ZWEG | L2239: 0 | M2239: E | O2239: 0 | P2239: 10 | Q2239: 0
A2240: 1320 | B2240: 15354736 | C2240: INVERSOR BRCFW110007T6OYHSZ | D2240: FERT | E2240: FA01 | F2240: FA01 | G2240: 073 | H2240: LINHA M3 | K2240: ZWEG | L2240: 0 | M2240: E | O2240: 0 | P2240: 10 | Q2240: 0
A2241: 1320 | B2241: 15354737 | C2241: INVERSOR BRCFW110010T6OYHSZ | D2241: FERT | E2241: FA01 | F2241: FA01 | G2241: 073 | H2241: LINHA M3 | K2241: ZWEG | L2241: 0 | M2241: E | O2241: 0 | P2241: 10 | Q2241: 0
A2242: 1320 | B2242: 15354772 | C2242: INVERSOR BRCFW110012T6OYHSZ | D2242: FERT | E2242: FA01 | F2242: FA01 | G2242: 073 | H2242: LINHA M3 | K2242: ZWEG | L2242: 0 | M2242: E | O2242: 0 | P2242: 10 | Q2242: 0
A2243: 1320 | B2243: 15354773 | C2243: INVERSOR BRCFW110017T6OYHSZ | D2243: FERT | E2243: FA01 | F2243: FA01 | G2243: 073 | H2243: LINHA M3 | K2243: ZWEG | L2243: 0 | M2243: E | O2243: 0 | P2243: 10 | Q2243: 0
A2244: 1320 | B2244: 15354775 | C2244: INVERSOR BRCFW110022T6OYHSZ | D2244: FERT | E2244: FA01 | F2244: FA01 | G2244: 073 | H2244: LINHA M3 | K2244: ZWEG | L2244: 0 | M2244: E | O2244: 0 | P2244: 10 | Q2244: 0
A2245: 1320 | B2245: 15354777 | C2245: INVERSOR BRCFW110027T6OYHSZ | D2245: FERT | E2245: FA01 | F2245: FA01 | G2245: 073 | H2245: LINHA M3 | K2245: ZWEG | L2245: 0 | M2245: E | O2245: 0 | P2245: 10 | Q2245: 0
A2246: 1320 | B2246: 15354778 | C2246: INVERSOR BRCFW110032T6OYHSZ | D2246: FERT | E2246: FA01 | F2246: FA01 | G2246: 073 | H2246: LINHA M3 | K2246: ZWEG | L2246: 0 | M2246: E | O2246: 0 | P2246: 10 | Q2246: 0
A2247: 1320 | B2247: 15354779 | C2247: INVERSOR BRCFW110044T6OYHSZ | D2247: FERT | E2247: FA01 | F2247: FA01 | G2247: 073 | H2247: LINHA M3 | K2247: ZWEG | L2247: 0 | M2247: E | O2247: 0 | P2247: 10 | Q2247: 0
A2248: 1320 | B2248: 15363753 | C2248: INVERSOR BRCFW110010S2OYZ | D2248: FERT | E2248: FA01 | F2248: FA01 | G2248: 051 | H2248: LINHA P5 | K2248: ZWEG | L2248: 0 | M2248: E | O2248: 1 | P2248: 4 | Q2248: 1
A2249: 1320 | B2249: 15384307 | C2249: INVERSOR MSCFW110312T4ORBWSQZ | D2249: FERT | E2249: FA01 | F2249: FA01 | G2249: 082 | H2249: LINHA G3 | K2249: ZWEG | L2249: 0 | M2249: E | O2249: 1 | P2249: 2 | Q2249: 0
A2250: 1320 | B2250: 15408275 | C2250: INVERSOR EUCFW110242T4ORBSQZ | D2250: FERT | E2250: FA01 | F2250: FA01 | G2250: 082 | H2250: LINHA G3 | K2250: ZWEG | L2250: 0 | M2250: E | O2250: 1 | P2250: 2 | Q2250: 0
A2251: 1320 | B2251: 15413430 | C2251: INVERSOR BRCFW110211T4ORBH2SQECZ | D2251: FERT | E2251: FA01 | G2251: 083 | H2251: LINHA G1 | K2251: ZWEG | L2251: 0 | M2251: E | O2251: 0 | P2251: 1 | Q2251: 0
A2252: 1320 | B2252: 15413435 | C2252: INVERSOR BRCFW110477T4ORBH1SQECZ | D2252: FERT | E2252: FA01 | F2252: FA01 | G2252: 082 | H2252: LINHA G3 | K2252: ZWEG | L2252: 0 | M2252: E | O2252: 1 | P2252: 1 | Q2252: 0
A2253: 1320 | B2253: 15414328 | C2253: INVERSOR CFW900C56P0T2DB20Y2B | D2253: FERT | E2253: FA01 | F2253: FA01 | G2253: 072 | H2253: LINHA M1 | K2253: ZWEG | L2253: 0 | M2253: E | O2253: 1 | P2253: 4 | Q2253: 1
A2254: 1320 | B2254: 15414329 | C2254: INVERSOR CFW900C70P0T2DB20Y2B | D2254: FERT | E2254: FA01 | F2254: FA01 | G2254: 072 | H2254: LINHA M1 | K2254: ZWEG | L2254: 0 | M2254: E | O2254: 1 | P2254: 4 | Q2254: 1
A2255: 1320 | B2255: 15414331 | C2255: INVERSOR CFW900C80P0T2DB20Y2B | D2255: FERT | E2255: FA01 | F2255: FA01 | G2255: 072 | H2255: LINHA M1 | K2255: ZWEG | L2255: 0 | M2255: E | O2255: 1 | P2255: 4 | Q2255: 1
A2256: 1320 | B2256: 15414333 | C2256: INVERSOR CFW900C50P0T4DB20Y2B | D2256: FERT | E2256: FA01 | F2256: FA01 | G2256: 072 | H2256: LINHA M1 | K2256: ZWEG | L2256: 0 | M2256: E | O2256: 1 | P2256: 4 | Q2256: 1
A2257: 1320 | B2257: 15414335 | C2257: INVERSOR CFW900C62P0T4DB20Y2B | D2257: FERT | E2257: FA01 | F2257: FA01 | G2257: 072 | H2257: LINHA M1 | K2257: ZWEG | L2257: 0 | M2257: E | O2257: 1 | P2257: 4 | Q2257: 1
A2258: 1320 | B2258: 15414337 | C2258: INVERSOR CFW900C74P0T4DB20Y2B | D2258: FERT | E2258: FA01 | F2258: FA01 | G2258: 072 | H2258: LINHA M1 | K2258: ZWEG | L2258: 0 | M2258: E | O2258: 1 | P2258: 4 | Q2258: 1
A2259: 1320 | B2259: 15416210 | C2259: INVERSOR BRCFW110211T4OH2DCECZ | D2259: FERT | E2259: FA01 | F2259: FA01 | G2259: 083 | H2259: LINHA G1 | K2259: ZWEG | L2259: 0 | M2259: E | O2259: 0 | P2259: 3 | Q2259: 0
A2260: 1320 | B2260: 15419714 | C2260: INVERSOR BRCFW110045T2OWZ | D2260: FERT | E2260: FA01 | F2260: FA01 | G2260: 072 | H2260: LINHA M1 | K2260: ZWEG | L2260: 0 | M2260: E | O2260: 0 | P2260: 3 | Q2260: 0
A2261: 1320 | B2261: 15420132 | C2261: INVERSOR EUCFW110242T4ORBSQZ-UI | D2261: HALB | E2261: FA01 | F2261: FA01 | G2261: 082 | H2261: LINHA G3 | K2261: ZWEG | L2261: 0 | M2261: E | O2261: 1 | P2261: 2 | Q2261: 0
...
